"database_id","exposure_id","target_id","comparator_id","outcome_id","analysis_id","sequence_number","description","subjects"
"pmtx",8257,8257,8256,8208,1,1,"Original cohorts",13414
"pmtx",8257,8257,8256,8208,1,2,"First exp. only & removed subs in both cohorts & restrict to common period & 365 days of obs. prior",13406
"pmtx",8257,8257,8256,8208,1,3,"Matched on propensity score",12779
"pmtx",8256,8257,8256,8208,1,1,"Original cohorts",199040
"pmtx",8256,8257,8256,8208,1,2,"First exp. only & removed subs in both cohorts & restrict to common period & 365 days of obs. prior",199026
"pmtx",8256,8257,8256,8208,1,3,"Matched on propensity score",98414
"pmtx",8257,8257,8256,8209,1,1,"Original cohorts",13414
"pmtx",8257,8257,8256,8209,1,2,"First exp. only & removed subs in both cohorts & restrict to common period & 365 days of obs. prior",13406
"pmtx",8257,8257,8256,8209,1,3,"Matched on propensity score",12779
"pmtx",8256,8257,8256,8209,1,1,"Original cohorts",199040
"pmtx",8256,8257,8256,8209,1,2,"First exp. only & removed subs in both cohorts & restrict to common period & 365 days of obs. prior",199026
"pmtx",8256,8257,8256,8209,1,3,"Matched on propensity score",98414
"pmtx",8257,8257,8256,8210,1,1,"Original cohorts",13414
"pmtx",8257,8257,8256,8210,1,2,"First exp. only & removed subs in both cohorts & restrict to common period & 365 days of obs. prior",13406
"pmtx",8257,8257,8256,8210,1,3,"Matched on propensity score",12779
"pmtx",8256,8257,8256,8210,1,1,"Original cohorts",199040
"pmtx",8256,8257,8256,8210,1,2,"First exp. only & removed subs in both cohorts & restrict to common period & 365 days of obs. prior",199026
"pmtx",8256,8257,8256,8210,1,3,"Matched on propensity score",98414
"pmtx",8257,8257,8256,8211,1,1,"Original cohorts",13414
"pmtx",8257,8257,8256,8211,1,2,"First exp. only & removed subs in both cohorts & restrict to common period & 365 days of obs. prior",13406
"pmtx",8257,8257,8256,8211,1,3,"Matched on propensity score",12779
"pmtx",8256,8257,8256,8211,1,1,"Original cohorts",199040
"pmtx",8256,8257,8256,8211,1,2,"First exp. only & removed subs in both cohorts & restrict to common period & 365 days of obs. prior",199026
"pmtx",8256,8257,8256,8211,1,3,"Matched on propensity score",98414
"pmtx",8260,8260,8259,8208,1,1,"Original cohorts",17188
"pmtx",8260,8260,8259,8208,1,2,"First exp. only & removed subs in both cohorts & restrict to common period & 365 days of obs. prior",17174
"pmtx",8260,8260,8259,8208,1,3,"Matched on propensity score",16372
"pmtx",8259,8260,8259,8208,1,1,"Original cohorts",258713
"pmtx",8259,8260,8259,8208,1,2,"First exp. only & removed subs in both cohorts & restrict to common period & 365 days of obs. prior",258693
"pmtx",8259,8260,8259,8208,1,3,"Matched on propensity score",126367
"pmtx",8260,8260,8259,8209,1,1,"Original cohorts",17188
"pmtx",8260,8260,8259,8209,1,2,"First exp. only & removed subs in both cohorts & restrict to common period & 365 days of obs. prior",17174
"pmtx",8260,8260,8259,8209,1,3,"Matched on propensity score",16372
"pmtx",8259,8260,8259,8209,1,1,"Original cohorts",258713
"pmtx",8259,8260,8259,8209,1,2,"First exp. only & removed subs in both cohorts & restrict to common period & 365 days of obs. prior",258693
"pmtx",8259,8260,8259,8209,1,3,"Matched on propensity score",126367
"pmtx",8260,8260,8259,8210,1,1,"Original cohorts",17188
"pmtx",8260,8260,8259,8210,1,2,"First exp. only & removed subs in both cohorts & restrict to common period & 365 days of obs. prior",17174
"pmtx",8260,8260,8259,8210,1,3,"Matched on propensity score",16372
"pmtx",8259,8260,8259,8210,1,1,"Original cohorts",258713
"pmtx",8259,8260,8259,8210,1,2,"First exp. only & removed subs in both cohorts & restrict to common period & 365 days of obs. prior",258693
"pmtx",8259,8260,8259,8210,1,3,"Matched on propensity score",126367
"pmtx",8260,8260,8259,8211,1,1,"Original cohorts",17188
"pmtx",8260,8260,8259,8211,1,2,"First exp. only & removed subs in both cohorts & restrict to common period & 365 days of obs. prior",17174
"pmtx",8260,8260,8259,8211,1,3,"Matched on propensity score",16372
"pmtx",8259,8260,8259,8211,1,1,"Original cohorts",258713
"pmtx",8259,8260,8259,8211,1,2,"First exp. only & removed subs in both cohorts & restrict to common period & 365 days of obs. prior",258693
"pmtx",8259,8260,8259,8211,1,3,"Matched on propensity score",126367
"pmtx",8257,8257,8256,8208,4,1,"Original cohorts",13414
"pmtx",8257,8257,8256,8208,4,2,"First exp. only & removed subs in both cohorts & restrict to common period & 365 days of obs. prior",13406
"pmtx",8257,8257,8256,8208,4,3,"Trimmed by PS",12735
"pmtx",8257,8257,8256,8208,4,4,"Matched on propensity score",8848
"pmtx",8256,8257,8256,8208,4,1,"Original cohorts",199040
"pmtx",8256,8257,8256,8208,4,2,"First exp. only & removed subs in both cohorts & restrict to common period & 365 days of obs. prior",199026
"pmtx",8256,8257,8256,8208,4,3,"Trimmed by PS",189074
"pmtx",8256,8257,8256,8208,4,4,"Matched on propensity score",81673
"pmtx",8257,8257,8256,8209,4,1,"Original cohorts",13414
"pmtx",8257,8257,8256,8209,4,2,"First exp. only & removed subs in both cohorts & restrict to common period & 365 days of obs. prior",13406
"pmtx",8257,8257,8256,8209,4,3,"Trimmed by PS",12735
"pmtx",8257,8257,8256,8209,4,4,"Matched on propensity score",8848
"pmtx",8256,8257,8256,8209,4,1,"Original cohorts",199040
"pmtx",8256,8257,8256,8209,4,2,"First exp. only & removed subs in both cohorts & restrict to common period & 365 days of obs. prior",199026
"pmtx",8256,8257,8256,8209,4,3,"Trimmed by PS",189074
"pmtx",8256,8257,8256,8209,4,4,"Matched on propensity score",81673
"pmtx",8257,8257,8256,8210,4,1,"Original cohorts",13414
"pmtx",8257,8257,8256,8210,4,2,"First exp. only & removed subs in both cohorts & restrict to common period & 365 days of obs. prior",13406
"pmtx",8257,8257,8256,8210,4,3,"Trimmed by PS",12735
"pmtx",8257,8257,8256,8210,4,4,"Matched on propensity score",8848
"pmtx",8256,8257,8256,8210,4,1,"Original cohorts",199040
"pmtx",8256,8257,8256,8210,4,2,"First exp. only & removed subs in both cohorts & restrict to common period & 365 days of obs. prior",199026
"pmtx",8256,8257,8256,8210,4,3,"Trimmed by PS",189074
"pmtx",8256,8257,8256,8210,4,4,"Matched on propensity score",81673
"pmtx",8257,8257,8256,8211,4,1,"Original cohorts",13414
"pmtx",8257,8257,8256,8211,4,2,"First exp. only & removed subs in both cohorts & restrict to common period & 365 days of obs. prior",13406
"pmtx",8257,8257,8256,8211,4,3,"Trimmed by PS",12735
"pmtx",8257,8257,8256,8211,4,4,"Matched on propensity score",8848
"pmtx",8256,8257,8256,8211,4,1,"Original cohorts",199040
"pmtx",8256,8257,8256,8211,4,2,"First exp. only & removed subs in both cohorts & restrict to common period & 365 days of obs. prior",199026
"pmtx",8256,8257,8256,8211,4,3,"Trimmed by PS",189074
"pmtx",8256,8257,8256,8211,4,4,"Matched on propensity score",81673
"pmtx",8260,8260,8259,8208,4,1,"Original cohorts",17188
"pmtx",8260,8260,8259,8208,4,2,"First exp. only & removed subs in both cohorts & restrict to common period & 365 days of obs. prior",17174
"pmtx",8260,8260,8259,8208,4,3,"Trimmed by PS",16315
"pmtx",8260,8260,8259,8208,4,4,"Matched on propensity score",11359
"pmtx",8259,8260,8259,8208,4,1,"Original cohorts",258713
"pmtx",8259,8260,8259,8208,4,2,"First exp. only & removed subs in both cohorts & restrict to common period & 365 days of obs. prior",258693
"pmtx",8259,8260,8259,8208,4,3,"Trimmed by PS",245758
"pmtx",8259,8260,8259,8208,4,4,"Matched on propensity score",104764
"pmtx",8260,8260,8259,8209,4,1,"Original cohorts",17188
"pmtx",8260,8260,8259,8209,4,2,"First exp. only & removed subs in both cohorts & restrict to common period & 365 days of obs. prior",17174
"pmtx",8260,8260,8259,8209,4,3,"Trimmed by PS",16315
"pmtx",8260,8260,8259,8209,4,4,"Matched on propensity score",11359
"pmtx",8259,8260,8259,8209,4,1,"Original cohorts",258713
"pmtx",8259,8260,8259,8209,4,2,"First exp. only & removed subs in both cohorts & restrict to common period & 365 days of obs. prior",258693
"pmtx",8259,8260,8259,8209,4,3,"Trimmed by PS",245758
"pmtx",8259,8260,8259,8209,4,4,"Matched on propensity score",104764
"pmtx",8260,8260,8259,8210,4,1,"Original cohorts",17188
"pmtx",8260,8260,8259,8210,4,2,"First exp. only & removed subs in both cohorts & restrict to common period & 365 days of obs. prior",17174
"pmtx",8260,8260,8259,8210,4,3,"Trimmed by PS",16315
"pmtx",8260,8260,8259,8210,4,4,"Matched on propensity score",11359
"pmtx",8259,8260,8259,8210,4,1,"Original cohorts",258713
"pmtx",8259,8260,8259,8210,4,2,"First exp. only & removed subs in both cohorts & restrict to common period & 365 days of obs. prior",258693
"pmtx",8259,8260,8259,8210,4,3,"Trimmed by PS",245758
"pmtx",8259,8260,8259,8210,4,4,"Matched on propensity score",104764
"pmtx",8260,8260,8259,8211,4,1,"Original cohorts",17188
"pmtx",8260,8260,8259,8211,4,2,"First exp. only & removed subs in both cohorts & restrict to common period & 365 days of obs. prior",17174
"pmtx",8260,8260,8259,8211,4,3,"Trimmed by PS",16315
"pmtx",8260,8260,8259,8211,4,4,"Matched on propensity score",11359
"pmtx",8259,8260,8259,8211,4,1,"Original cohorts",258713
"pmtx",8259,8260,8259,8211,4,2,"First exp. only & removed subs in both cohorts & restrict to common period & 365 days of obs. prior",258693
"pmtx",8259,8260,8259,8211,4,3,"Trimmed by PS",245758
"pmtx",8259,8260,8259,8211,4,4,"Matched on propensity score",104764
"pmtx",8257,8257,8256,8208,5,1,"Original cohorts",13414
"pmtx",8257,8257,8256,8208,5,2,"First exp. only & removed subs in both cohorts & restrict to common period & 365 days of obs. prior",13406
"pmtx",8257,8257,8256,8208,5,3,"Matched on propensity score",12779
"pmtx",8256,8257,8256,8208,5,1,"Original cohorts",199040
"pmtx",8256,8257,8256,8208,5,2,"First exp. only & removed subs in both cohorts & restrict to common period & 365 days of obs. prior",199026
"pmtx",8256,8257,8256,8208,5,3,"Matched on propensity score",12779
"pmtx",8257,8257,8256,8209,5,1,"Original cohorts",13414
"pmtx",8257,8257,8256,8209,5,2,"First exp. only & removed subs in both cohorts & restrict to common period & 365 days of obs. prior",13406
"pmtx",8257,8257,8256,8209,5,3,"Matched on propensity score",12779
"pmtx",8256,8257,8256,8209,5,1,"Original cohorts",199040
"pmtx",8256,8257,8256,8209,5,2,"First exp. only & removed subs in both cohorts & restrict to common period & 365 days of obs. prior",199026
"pmtx",8256,8257,8256,8209,5,3,"Matched on propensity score",12779
"pmtx",8257,8257,8256,8210,5,1,"Original cohorts",13414
"pmtx",8257,8257,8256,8210,5,2,"First exp. only & removed subs in both cohorts & restrict to common period & 365 days of obs. prior",13406
"pmtx",8257,8257,8256,8210,5,3,"Matched on propensity score",12779
"pmtx",8256,8257,8256,8210,5,1,"Original cohorts",199040
"pmtx",8256,8257,8256,8210,5,2,"First exp. only & removed subs in both cohorts & restrict to common period & 365 days of obs. prior",199026
"pmtx",8256,8257,8256,8210,5,3,"Matched on propensity score",12779
"pmtx",8257,8257,8256,8211,5,1,"Original cohorts",13414
"pmtx",8257,8257,8256,8211,5,2,"First exp. only & removed subs in both cohorts & restrict to common period & 365 days of obs. prior",13406
"pmtx",8257,8257,8256,8211,5,3,"Matched on propensity score",12779
"pmtx",8256,8257,8256,8211,5,1,"Original cohorts",199040
"pmtx",8256,8257,8256,8211,5,2,"First exp. only & removed subs in both cohorts & restrict to common period & 365 days of obs. prior",199026
"pmtx",8256,8257,8256,8211,5,3,"Matched on propensity score",12779
"pmtx",8260,8260,8259,8208,5,1,"Original cohorts",17188
"pmtx",8260,8260,8259,8208,5,2,"First exp. only & removed subs in both cohorts & restrict to common period & 365 days of obs. prior",17174
"pmtx",8260,8260,8259,8208,5,3,"Matched on propensity score",16372
"pmtx",8259,8260,8259,8208,5,1,"Original cohorts",258713
"pmtx",8259,8260,8259,8208,5,2,"First exp. only & removed subs in both cohorts & restrict to common period & 365 days of obs. prior",258693
"pmtx",8259,8260,8259,8208,5,3,"Matched on propensity score",16372
"pmtx",8260,8260,8259,8209,5,1,"Original cohorts",17188
"pmtx",8260,8260,8259,8209,5,2,"First exp. only & removed subs in both cohorts & restrict to common period & 365 days of obs. prior",17174
"pmtx",8260,8260,8259,8209,5,3,"Matched on propensity score",16372
"pmtx",8259,8260,8259,8209,5,1,"Original cohorts",258713
"pmtx",8259,8260,8259,8209,5,2,"First exp. only & removed subs in both cohorts & restrict to common period & 365 days of obs. prior",258693
"pmtx",8259,8260,8259,8209,5,3,"Matched on propensity score",16372
"pmtx",8260,8260,8259,8210,5,1,"Original cohorts",17188
"pmtx",8260,8260,8259,8210,5,2,"First exp. only & removed subs in both cohorts & restrict to common period & 365 days of obs. prior",17174
"pmtx",8260,8260,8259,8210,5,3,"Matched on propensity score",16372
"pmtx",8259,8260,8259,8210,5,1,"Original cohorts",258713
"pmtx",8259,8260,8259,8210,5,2,"First exp. only & removed subs in both cohorts & restrict to common period & 365 days of obs. prior",258693
"pmtx",8259,8260,8259,8210,5,3,"Matched on propensity score",16372
"pmtx",8260,8260,8259,8211,5,1,"Original cohorts",17188
"pmtx",8260,8260,8259,8211,5,2,"First exp. only & removed subs in both cohorts & restrict to common period & 365 days of obs. prior",17174
"pmtx",8260,8260,8259,8211,5,3,"Matched on propensity score",16372
"pmtx",8259,8260,8259,8211,5,1,"Original cohorts",258713
"pmtx",8259,8260,8259,8211,5,2,"First exp. only & removed subs in both cohorts & restrict to common period & 365 days of obs. prior",258693
"pmtx",8259,8260,8259,8211,5,3,"Matched on propensity score",16372
"pmtx",8257,8257,8256,8208,2,1,"Original cohorts",13414
"pmtx",8257,8257,8256,8208,2,2,"First exp. only & removed subs in both cohorts & restrict to common period & 365 days of obs. prior",13406
"pmtx",8257,8257,8256,8208,2,3,"Matched on propensity score",12779
"pmtx",8256,8257,8256,8208,2,1,"Original cohorts",199040
"pmtx",8256,8257,8256,8208,2,2,"First exp. only & removed subs in both cohorts & restrict to common period & 365 days of obs. prior",199026
"pmtx",8256,8257,8256,8208,2,3,"Matched on propensity score",98414
"pmtx",8257,8257,8256,8209,2,1,"Original cohorts",13414
"pmtx",8257,8257,8256,8209,2,2,"First exp. only & removed subs in both cohorts & restrict to common period & 365 days of obs. prior",13406
"pmtx",8257,8257,8256,8209,2,3,"Matched on propensity score",12779
"pmtx",8256,8257,8256,8209,2,1,"Original cohorts",199040
"pmtx",8256,8257,8256,8209,2,2,"First exp. only & removed subs in both cohorts & restrict to common period & 365 days of obs. prior",199026
"pmtx",8256,8257,8256,8209,2,3,"Matched on propensity score",98414
"pmtx",8257,8257,8256,8210,2,1,"Original cohorts",13414
"pmtx",8257,8257,8256,8210,2,2,"First exp. only & removed subs in both cohorts & restrict to common period & 365 days of obs. prior",13406
"pmtx",8257,8257,8256,8210,2,3,"Matched on propensity score",12779
"pmtx",8256,8257,8256,8210,2,1,"Original cohorts",199040
"pmtx",8256,8257,8256,8210,2,2,"First exp. only & removed subs in both cohorts & restrict to common period & 365 days of obs. prior",199026
"pmtx",8256,8257,8256,8210,2,3,"Matched on propensity score",98414
"pmtx",8257,8257,8256,8211,2,1,"Original cohorts",13414
"pmtx",8257,8257,8256,8211,2,2,"First exp. only & removed subs in both cohorts & restrict to common period & 365 days of obs. prior",13406
"pmtx",8257,8257,8256,8211,2,3,"Matched on propensity score",12779
"pmtx",8256,8257,8256,8211,2,1,"Original cohorts",199040
"pmtx",8256,8257,8256,8211,2,2,"First exp. only & removed subs in both cohorts & restrict to common period & 365 days of obs. prior",199026
"pmtx",8256,8257,8256,8211,2,3,"Matched on propensity score",98414
"pmtx",8257,8257,8256,8212,2,1,"Original cohorts",13414
"pmtx",8257,8257,8256,8212,2,2,"First exp. only & removed subs in both cohorts & restrict to common period & 365 days of obs. prior",13406
"pmtx",8257,8257,8256,8212,2,3,"Matched on propensity score",12779
"pmtx",8256,8257,8256,8212,2,1,"Original cohorts",199040
"pmtx",8256,8257,8256,8212,2,2,"First exp. only & removed subs in both cohorts & restrict to common period & 365 days of obs. prior",199026
"pmtx",8256,8257,8256,8212,2,3,"Matched on propensity score",98414
"pmtx",8260,8260,8259,8208,2,1,"Original cohorts",17188
"pmtx",8260,8260,8259,8208,2,2,"First exp. only & removed subs in both cohorts & restrict to common period & 365 days of obs. prior",17174
"pmtx",8260,8260,8259,8208,2,3,"Matched on propensity score",16372
"pmtx",8259,8260,8259,8208,2,1,"Original cohorts",258713
"pmtx",8259,8260,8259,8208,2,2,"First exp. only & removed subs in both cohorts & restrict to common period & 365 days of obs. prior",258693
"pmtx",8259,8260,8259,8208,2,3,"Matched on propensity score",126367
"pmtx",8260,8260,8259,8209,2,1,"Original cohorts",17188
"pmtx",8260,8260,8259,8209,2,2,"First exp. only & removed subs in both cohorts & restrict to common period & 365 days of obs. prior",17174
"pmtx",8260,8260,8259,8209,2,3,"Matched on propensity score",16372
"pmtx",8259,8260,8259,8209,2,1,"Original cohorts",258713
"pmtx",8259,8260,8259,8209,2,2,"First exp. only & removed subs in both cohorts & restrict to common period & 365 days of obs. prior",258693
"pmtx",8259,8260,8259,8209,2,3,"Matched on propensity score",126367
"pmtx",8260,8260,8259,8210,2,1,"Original cohorts",17188
"pmtx",8260,8260,8259,8210,2,2,"First exp. only & removed subs in both cohorts & restrict to common period & 365 days of obs. prior",17174
"pmtx",8260,8260,8259,8210,2,3,"Matched on propensity score",16372
"pmtx",8259,8260,8259,8210,2,1,"Original cohorts",258713
"pmtx",8259,8260,8259,8210,2,2,"First exp. only & removed subs in both cohorts & restrict to common period & 365 days of obs. prior",258693
"pmtx",8259,8260,8259,8210,2,3,"Matched on propensity score",126367
"pmtx",8260,8260,8259,8211,2,1,"Original cohorts",17188
"pmtx",8260,8260,8259,8211,2,2,"First exp. only & removed subs in both cohorts & restrict to common period & 365 days of obs. prior",17174
"pmtx",8260,8260,8259,8211,2,3,"Matched on propensity score",16372
"pmtx",8259,8260,8259,8211,2,1,"Original cohorts",258713
"pmtx",8259,8260,8259,8211,2,2,"First exp. only & removed subs in both cohorts & restrict to common period & 365 days of obs. prior",258693
"pmtx",8259,8260,8259,8211,2,3,"Matched on propensity score",126367
"pmtx",8260,8260,8259,8212,2,1,"Original cohorts",17188
"pmtx",8260,8260,8259,8212,2,2,"First exp. only & removed subs in both cohorts & restrict to common period & 365 days of obs. prior",17174
"pmtx",8260,8260,8259,8212,2,3,"Matched on propensity score",16372
"pmtx",8259,8260,8259,8212,2,1,"Original cohorts",258713
"pmtx",8259,8260,8259,8212,2,2,"First exp. only & removed subs in both cohorts & restrict to common period & 365 days of obs. prior",258693
"pmtx",8259,8260,8259,8212,2,3,"Matched on propensity score",126367
"pmtx",8257,8257,8256,8208,3,1,"Original cohorts",13414
"pmtx",8257,8257,8256,8208,3,2,"First exp. only & removed subs in both cohorts & restrict to common period & 365 days of obs. prior",13406
"pmtx",8257,8257,8256,8208,3,3,"Matched on propensity score",12779
"pmtx",8256,8257,8256,8208,3,1,"Original cohorts",199040
"pmtx",8256,8257,8256,8208,3,2,"First exp. only & removed subs in both cohorts & restrict to common period & 365 days of obs. prior",199026
"pmtx",8256,8257,8256,8208,3,3,"Matched on propensity score",98414
"pmtx",8257,8257,8256,8209,3,1,"Original cohorts",13414
"pmtx",8257,8257,8256,8209,3,2,"First exp. only & removed subs in both cohorts & restrict to common period & 365 days of obs. prior",13406
"pmtx",8257,8257,8256,8209,3,3,"Matched on propensity score",12779
"pmtx",8256,8257,8256,8209,3,1,"Original cohorts",199040
"pmtx",8256,8257,8256,8209,3,2,"First exp. only & removed subs in both cohorts & restrict to common period & 365 days of obs. prior",199026
"pmtx",8256,8257,8256,8209,3,3,"Matched on propensity score",98414
"pmtx",8257,8257,8256,8210,3,1,"Original cohorts",13414
"pmtx",8257,8257,8256,8210,3,2,"First exp. only & removed subs in both cohorts & restrict to common period & 365 days of obs. prior",13406
"pmtx",8257,8257,8256,8210,3,3,"Matched on propensity score",12779
"pmtx",8256,8257,8256,8210,3,1,"Original cohorts",199040
"pmtx",8256,8257,8256,8210,3,2,"First exp. only & removed subs in both cohorts & restrict to common period & 365 days of obs. prior",199026
"pmtx",8256,8257,8256,8210,3,3,"Matched on propensity score",98414
"pmtx",8257,8257,8256,8211,3,1,"Original cohorts",13414
"pmtx",8257,8257,8256,8211,3,2,"First exp. only & removed subs in both cohorts & restrict to common period & 365 days of obs. prior",13406
"pmtx",8257,8257,8256,8211,3,3,"Matched on propensity score",12779
"pmtx",8256,8257,8256,8211,3,1,"Original cohorts",199040
"pmtx",8256,8257,8256,8211,3,2,"First exp. only & removed subs in both cohorts & restrict to common period & 365 days of obs. prior",199026
"pmtx",8256,8257,8256,8211,3,3,"Matched on propensity score",98414
"pmtx",8257,8257,8256,8212,3,1,"Original cohorts",13414
"pmtx",8257,8257,8256,8212,3,2,"First exp. only & removed subs in both cohorts & restrict to common period & 365 days of obs. prior",13406
"pmtx",8257,8257,8256,8212,3,3,"Matched on propensity score",12779
"pmtx",8256,8257,8256,8212,3,1,"Original cohorts",199040
"pmtx",8256,8257,8256,8212,3,2,"First exp. only & removed subs in both cohorts & restrict to common period & 365 days of obs. prior",199026
"pmtx",8256,8257,8256,8212,3,3,"Matched on propensity score",98414
"pmtx",8260,8260,8259,8208,3,1,"Original cohorts",17188
"pmtx",8260,8260,8259,8208,3,2,"First exp. only & removed subs in both cohorts & restrict to common period & 365 days of obs. prior",17174
"pmtx",8260,8260,8259,8208,3,3,"Matched on propensity score",16372
"pmtx",8259,8260,8259,8208,3,1,"Original cohorts",258713
"pmtx",8259,8260,8259,8208,3,2,"First exp. only & removed subs in both cohorts & restrict to common period & 365 days of obs. prior",258693
"pmtx",8259,8260,8259,8208,3,3,"Matched on propensity score",126367
"pmtx",8260,8260,8259,8209,3,1,"Original cohorts",17188
"pmtx",8260,8260,8259,8209,3,2,"First exp. only & removed subs in both cohorts & restrict to common period & 365 days of obs. prior",17174
"pmtx",8260,8260,8259,8209,3,3,"Matched on propensity score",16372
"pmtx",8259,8260,8259,8209,3,1,"Original cohorts",258713
"pmtx",8259,8260,8259,8209,3,2,"First exp. only & removed subs in both cohorts & restrict to common period & 365 days of obs. prior",258693
"pmtx",8259,8260,8259,8209,3,3,"Matched on propensity score",126367
"pmtx",8260,8260,8259,8210,3,1,"Original cohorts",17188
"pmtx",8260,8260,8259,8210,3,2,"First exp. only & removed subs in both cohorts & restrict to common period & 365 days of obs. prior",17174
"pmtx",8260,8260,8259,8210,3,3,"Matched on propensity score",16372
"pmtx",8259,8260,8259,8210,3,1,"Original cohorts",258713
"pmtx",8259,8260,8259,8210,3,2,"First exp. only & removed subs in both cohorts & restrict to common period & 365 days of obs. prior",258693
"pmtx",8259,8260,8259,8210,3,3,"Matched on propensity score",126367
"pmtx",8260,8260,8259,8211,3,1,"Original cohorts",17188
"pmtx",8260,8260,8259,8211,3,2,"First exp. only & removed subs in both cohorts & restrict to common period & 365 days of obs. prior",17174
"pmtx",8260,8260,8259,8211,3,3,"Matched on propensity score",16372
"pmtx",8259,8260,8259,8211,3,1,"Original cohorts",258713
"pmtx",8259,8260,8259,8211,3,2,"First exp. only & removed subs in both cohorts & restrict to common period & 365 days of obs. prior",258693
"pmtx",8259,8260,8259,8211,3,3,"Matched on propensity score",126367
"pmtx",8260,8260,8259,8212,3,1,"Original cohorts",17188
"pmtx",8260,8260,8259,8212,3,2,"First exp. only & removed subs in both cohorts & restrict to common period & 365 days of obs. prior",17174
"pmtx",8260,8260,8259,8212,3,3,"Matched on propensity score",16372
"pmtx",8259,8260,8259,8212,3,1,"Original cohorts",258713
"pmtx",8259,8260,8259,8212,3,2,"First exp. only & removed subs in both cohorts & restrict to common period & 365 days of obs. prior",258693
"pmtx",8259,8260,8259,8212,3,3,"Matched on propensity score",126367
"pmtx",8257,8257,8256,8208,6,1,"Original cohorts",13414
"pmtx",8257,8257,8256,8208,6,2,"First exp. only & removed subs in both cohorts & restrict to common period & 365 days of obs. prior",13406
"pmtx",8257,8257,8256,8208,6,3,"Trimmed by PS",12735
"pmtx",8257,8257,8256,8208,6,4,"Matched on propensity score",8848
"pmtx",8256,8257,8256,8208,6,1,"Original cohorts",199040
"pmtx",8256,8257,8256,8208,6,2,"First exp. only & removed subs in both cohorts & restrict to common period & 365 days of obs. prior",199026
"pmtx",8256,8257,8256,8208,6,3,"Trimmed by PS",189074
"pmtx",8256,8257,8256,8208,6,4,"Matched on propensity score",81673
"pmtx",8257,8257,8256,8209,6,1,"Original cohorts",13414
"pmtx",8257,8257,8256,8209,6,2,"First exp. only & removed subs in both cohorts & restrict to common period & 365 days of obs. prior",13406
"pmtx",8257,8257,8256,8209,6,3,"Trimmed by PS",12735
"pmtx",8257,8257,8256,8209,6,4,"Matched on propensity score",8848
"pmtx",8256,8257,8256,8209,6,1,"Original cohorts",199040
"pmtx",8256,8257,8256,8209,6,2,"First exp. only & removed subs in both cohorts & restrict to common period & 365 days of obs. prior",199026
"pmtx",8256,8257,8256,8209,6,3,"Trimmed by PS",189074
"pmtx",8256,8257,8256,8209,6,4,"Matched on propensity score",81673
"pmtx",8257,8257,8256,8210,6,1,"Original cohorts",13414
"pmtx",8257,8257,8256,8210,6,2,"First exp. only & removed subs in both cohorts & restrict to common period & 365 days of obs. prior",13406
"pmtx",8257,8257,8256,8210,6,3,"Trimmed by PS",12735
"pmtx",8257,8257,8256,8210,6,4,"Matched on propensity score",8848
"pmtx",8256,8257,8256,8210,6,1,"Original cohorts",199040
"pmtx",8256,8257,8256,8210,6,2,"First exp. only & removed subs in both cohorts & restrict to common period & 365 days of obs. prior",199026
"pmtx",8256,8257,8256,8210,6,3,"Trimmed by PS",189074
"pmtx",8256,8257,8256,8210,6,4,"Matched on propensity score",81673
"pmtx",8257,8257,8256,8211,6,1,"Original cohorts",13414
"pmtx",8257,8257,8256,8211,6,2,"First exp. only & removed subs in both cohorts & restrict to common period & 365 days of obs. prior",13406
"pmtx",8257,8257,8256,8211,6,3,"Trimmed by PS",12735
"pmtx",8257,8257,8256,8211,6,4,"Matched on propensity score",8848
"pmtx",8256,8257,8256,8211,6,1,"Original cohorts",199040
"pmtx",8256,8257,8256,8211,6,2,"First exp. only & removed subs in both cohorts & restrict to common period & 365 days of obs. prior",199026
"pmtx",8256,8257,8256,8211,6,3,"Trimmed by PS",189074
"pmtx",8256,8257,8256,8211,6,4,"Matched on propensity score",81673
"pmtx",8257,8257,8256,8212,6,1,"Original cohorts",13414
"pmtx",8257,8257,8256,8212,6,2,"First exp. only & removed subs in both cohorts & restrict to common period & 365 days of obs. prior",13406
"pmtx",8257,8257,8256,8212,6,3,"Trimmed by PS",12735
"pmtx",8257,8257,8256,8212,6,4,"Matched on propensity score",8848
"pmtx",8256,8257,8256,8212,6,1,"Original cohorts",199040
"pmtx",8256,8257,8256,8212,6,2,"First exp. only & removed subs in both cohorts & restrict to common period & 365 days of obs. prior",199026
"pmtx",8256,8257,8256,8212,6,3,"Trimmed by PS",189074
"pmtx",8256,8257,8256,8212,6,4,"Matched on propensity score",81673
"pmtx",8260,8260,8259,8208,6,1,"Original cohorts",17188
"pmtx",8260,8260,8259,8208,6,2,"First exp. only & removed subs in both cohorts & restrict to common period & 365 days of obs. prior",17174
"pmtx",8260,8260,8259,8208,6,3,"Trimmed by PS",16315
"pmtx",8260,8260,8259,8208,6,4,"Matched on propensity score",11359
"pmtx",8259,8260,8259,8208,6,1,"Original cohorts",258713
"pmtx",8259,8260,8259,8208,6,2,"First exp. only & removed subs in both cohorts & restrict to common period & 365 days of obs. prior",258693
"pmtx",8259,8260,8259,8208,6,3,"Trimmed by PS",245758
"pmtx",8259,8260,8259,8208,6,4,"Matched on propensity score",104764
"pmtx",8260,8260,8259,8209,6,1,"Original cohorts",17188
"pmtx",8260,8260,8259,8209,6,2,"First exp. only & removed subs in both cohorts & restrict to common period & 365 days of obs. prior",17174
"pmtx",8260,8260,8259,8209,6,3,"Trimmed by PS",16315
"pmtx",8260,8260,8259,8209,6,4,"Matched on propensity score",11359
"pmtx",8259,8260,8259,8209,6,1,"Original cohorts",258713
"pmtx",8259,8260,8259,8209,6,2,"First exp. only & removed subs in both cohorts & restrict to common period & 365 days of obs. prior",258693
"pmtx",8259,8260,8259,8209,6,3,"Trimmed by PS",245758
"pmtx",8259,8260,8259,8209,6,4,"Matched on propensity score",104764
"pmtx",8260,8260,8259,8210,6,1,"Original cohorts",17188
"pmtx",8260,8260,8259,8210,6,2,"First exp. only & removed subs in both cohorts & restrict to common period & 365 days of obs. prior",17174
"pmtx",8260,8260,8259,8210,6,3,"Trimmed by PS",16315
"pmtx",8260,8260,8259,8210,6,4,"Matched on propensity score",11359
"pmtx",8259,8260,8259,8210,6,1,"Original cohorts",258713
"pmtx",8259,8260,8259,8210,6,2,"First exp. only & removed subs in both cohorts & restrict to common period & 365 days of obs. prior",258693
"pmtx",8259,8260,8259,8210,6,3,"Trimmed by PS",245758
"pmtx",8259,8260,8259,8210,6,4,"Matched on propensity score",104764
"pmtx",8260,8260,8259,8211,6,1,"Original cohorts",17188
"pmtx",8260,8260,8259,8211,6,2,"First exp. only & removed subs in both cohorts & restrict to common period & 365 days of obs. prior",17174
"pmtx",8260,8260,8259,8211,6,3,"Trimmed by PS",16315
"pmtx",8260,8260,8259,8211,6,4,"Matched on propensity score",11359
"pmtx",8259,8260,8259,8211,6,1,"Original cohorts",258713
"pmtx",8259,8260,8259,8211,6,2,"First exp. only & removed subs in both cohorts & restrict to common period & 365 days of obs. prior",258693
"pmtx",8259,8260,8259,8211,6,3,"Trimmed by PS",245758
"pmtx",8259,8260,8259,8211,6,4,"Matched on propensity score",104764
"pmtx",8260,8260,8259,8212,6,1,"Original cohorts",17188
"pmtx",8260,8260,8259,8212,6,2,"First exp. only & removed subs in both cohorts & restrict to common period & 365 days of obs. prior",17174
"pmtx",8260,8260,8259,8212,6,3,"Trimmed by PS",16315
"pmtx",8260,8260,8259,8212,6,4,"Matched on propensity score",11359
"pmtx",8259,8260,8259,8212,6,1,"Original cohorts",258713
"pmtx",8259,8260,8259,8212,6,2,"First exp. only & removed subs in both cohorts & restrict to common period & 365 days of obs. prior",258693
"pmtx",8259,8260,8259,8212,6,3,"Trimmed by PS",245758
"pmtx",8259,8260,8259,8212,6,4,"Matched on propensity score",104764
"pmtx",8257,8257,8256,8208,7,1,"Original cohorts",13414
"pmtx",8257,8257,8256,8208,7,2,"First exp. only & removed subs in both cohorts & restrict to common period & 365 days of obs. prior",13406
"pmtx",8257,8257,8256,8208,7,3,"Matched on propensity score",12779
"pmtx",8256,8257,8256,8208,7,1,"Original cohorts",199040
"pmtx",8256,8257,8256,8208,7,2,"First exp. only & removed subs in both cohorts & restrict to common period & 365 days of obs. prior",199026
"pmtx",8256,8257,8256,8208,7,3,"Matched on propensity score",12779
"pmtx",8257,8257,8256,8209,7,1,"Original cohorts",13414
"pmtx",8257,8257,8256,8209,7,2,"First exp. only & removed subs in both cohorts & restrict to common period & 365 days of obs. prior",13406
"pmtx",8257,8257,8256,8209,7,3,"Matched on propensity score",12779
"pmtx",8256,8257,8256,8209,7,1,"Original cohorts",199040
"pmtx",8256,8257,8256,8209,7,2,"First exp. only & removed subs in both cohorts & restrict to common period & 365 days of obs. prior",199026
"pmtx",8256,8257,8256,8209,7,3,"Matched on propensity score",12779
"pmtx",8257,8257,8256,8210,7,1,"Original cohorts",13414
"pmtx",8257,8257,8256,8210,7,2,"First exp. only & removed subs in both cohorts & restrict to common period & 365 days of obs. prior",13406
"pmtx",8257,8257,8256,8210,7,3,"Matched on propensity score",12779
"pmtx",8256,8257,8256,8210,7,1,"Original cohorts",199040
"pmtx",8256,8257,8256,8210,7,2,"First exp. only & removed subs in both cohorts & restrict to common period & 365 days of obs. prior",199026
"pmtx",8256,8257,8256,8210,7,3,"Matched on propensity score",12779
"pmtx",8257,8257,8256,8211,7,1,"Original cohorts",13414
"pmtx",8257,8257,8256,8211,7,2,"First exp. only & removed subs in both cohorts & restrict to common period & 365 days of obs. prior",13406
"pmtx",8257,8257,8256,8211,7,3,"Matched on propensity score",12779
"pmtx",8256,8257,8256,8211,7,1,"Original cohorts",199040
"pmtx",8256,8257,8256,8211,7,2,"First exp. only & removed subs in both cohorts & restrict to common period & 365 days of obs. prior",199026
"pmtx",8256,8257,8256,8211,7,3,"Matched on propensity score",12779
"pmtx",8257,8257,8256,8212,7,1,"Original cohorts",13414
"pmtx",8257,8257,8256,8212,7,2,"First exp. only & removed subs in both cohorts & restrict to common period & 365 days of obs. prior",13406
"pmtx",8257,8257,8256,8212,7,3,"Matched on propensity score",12779
"pmtx",8256,8257,8256,8212,7,1,"Original cohorts",199040
"pmtx",8256,8257,8256,8212,7,2,"First exp. only & removed subs in both cohorts & restrict to common period & 365 days of obs. prior",199026
"pmtx",8256,8257,8256,8212,7,3,"Matched on propensity score",12779
"pmtx",8260,8260,8259,8208,7,1,"Original cohorts",17188
"pmtx",8260,8260,8259,8208,7,2,"First exp. only & removed subs in both cohorts & restrict to common period & 365 days of obs. prior",17174
"pmtx",8260,8260,8259,8208,7,3,"Matched on propensity score",16372
"pmtx",8259,8260,8259,8208,7,1,"Original cohorts",258713
"pmtx",8259,8260,8259,8208,7,2,"First exp. only & removed subs in both cohorts & restrict to common period & 365 days of obs. prior",258693
"pmtx",8259,8260,8259,8208,7,3,"Matched on propensity score",16372
"pmtx",8260,8260,8259,8209,7,1,"Original cohorts",17188
"pmtx",8260,8260,8259,8209,7,2,"First exp. only & removed subs in both cohorts & restrict to common period & 365 days of obs. prior",17174
"pmtx",8260,8260,8259,8209,7,3,"Matched on propensity score",16372
"pmtx",8259,8260,8259,8209,7,1,"Original cohorts",258713
"pmtx",8259,8260,8259,8209,7,2,"First exp. only & removed subs in both cohorts & restrict to common period & 365 days of obs. prior",258693
"pmtx",8259,8260,8259,8209,7,3,"Matched on propensity score",16372
"pmtx",8260,8260,8259,8210,7,1,"Original cohorts",17188
"pmtx",8260,8260,8259,8210,7,2,"First exp. only & removed subs in both cohorts & restrict to common period & 365 days of obs. prior",17174
"pmtx",8260,8260,8259,8210,7,3,"Matched on propensity score",16372
"pmtx",8259,8260,8259,8210,7,1,"Original cohorts",258713
"pmtx",8259,8260,8259,8210,7,2,"First exp. only & removed subs in both cohorts & restrict to common period & 365 days of obs. prior",258693
"pmtx",8259,8260,8259,8210,7,3,"Matched on propensity score",16372
"pmtx",8260,8260,8259,8211,7,1,"Original cohorts",17188
"pmtx",8260,8260,8259,8211,7,2,"First exp. only & removed subs in both cohorts & restrict to common period & 365 days of obs. prior",17174
"pmtx",8260,8260,8259,8211,7,3,"Matched on propensity score",16372
"pmtx",8259,8260,8259,8211,7,1,"Original cohorts",258713
"pmtx",8259,8260,8259,8211,7,2,"First exp. only & removed subs in both cohorts & restrict to common period & 365 days of obs. prior",258693
"pmtx",8259,8260,8259,8211,7,3,"Matched on propensity score",16372
"pmtx",8260,8260,8259,8212,7,1,"Original cohorts",17188
"pmtx",8260,8260,8259,8212,7,2,"First exp. only & removed subs in both cohorts & restrict to common period & 365 days of obs. prior",17174
"pmtx",8260,8260,8259,8212,7,3,"Matched on propensity score",16372
"pmtx",8259,8260,8259,8212,7,1,"Original cohorts",258713
"pmtx",8259,8260,8259,8212,7,2,"First exp. only & removed subs in both cohorts & restrict to common period & 365 days of obs. prior",258693
"pmtx",8259,8260,8259,8212,7,3,"Matched on propensity score",16372
"pmtx",8257,8257,8256,8233,8,1,"Original cohorts",13414
"pmtx",8257,8257,8256,8233,8,2,"First exp. only & removed subs in both cohorts & restrict to common period & 365 days of obs. prior",13406
"pmtx",8257,8257,8256,8233,8,3,"Matched on propensity score",12779
"pmtx",8256,8257,8256,8233,8,1,"Original cohorts",199040
"pmtx",8256,8257,8256,8233,8,2,"First exp. only & removed subs in both cohorts & restrict to common period & 365 days of obs. prior",199026
"pmtx",8256,8257,8256,8233,8,3,"Matched on propensity score",98414
"pmtx",8260,8260,8259,8233,8,1,"Original cohorts",17188
"pmtx",8260,8260,8259,8233,8,2,"First exp. only & removed subs in both cohorts & restrict to common period & 365 days of obs. prior",17174
"pmtx",8260,8260,8259,8233,8,3,"Matched on propensity score",16372
"pmtx",8259,8260,8259,8233,8,1,"Original cohorts",258713
"pmtx",8259,8260,8259,8233,8,2,"First exp. only & removed subs in both cohorts & restrict to common period & 365 days of obs. prior",258693
"pmtx",8259,8260,8259,8233,8,3,"Matched on propensity score",126367
"pmtx",8257,8257,8256,8233,10,1,"Original cohorts",13414
"pmtx",8257,8257,8256,8233,10,2,"First exp. only & removed subs in both cohorts & restrict to common period & 365 days of obs. prior",13406
"pmtx",8257,8257,8256,8233,10,3,"Trimmed by PS",12735
"pmtx",8257,8257,8256,8233,10,4,"Matched on propensity score",8848
"pmtx",8256,8257,8256,8233,10,1,"Original cohorts",199040
"pmtx",8256,8257,8256,8233,10,2,"First exp. only & removed subs in both cohorts & restrict to common period & 365 days of obs. prior",199026
"pmtx",8256,8257,8256,8233,10,3,"Trimmed by PS",189074
"pmtx",8256,8257,8256,8233,10,4,"Matched on propensity score",81673
"pmtx",8260,8260,8259,8233,10,1,"Original cohorts",17188
"pmtx",8260,8260,8259,8233,10,2,"First exp. only & removed subs in both cohorts & restrict to common period & 365 days of obs. prior",17174
"pmtx",8260,8260,8259,8233,10,3,"Trimmed by PS",16315
"pmtx",8260,8260,8259,8233,10,4,"Matched on propensity score",11359
"pmtx",8259,8260,8259,8233,10,1,"Original cohorts",258713
"pmtx",8259,8260,8259,8233,10,2,"First exp. only & removed subs in both cohorts & restrict to common period & 365 days of obs. prior",258693
"pmtx",8259,8260,8259,8233,10,3,"Trimmed by PS",245758
"pmtx",8259,8260,8259,8233,10,4,"Matched on propensity score",104764
"pmtx",8257,8257,8256,8233,11,1,"Original cohorts",13414
"pmtx",8257,8257,8256,8233,11,2,"First exp. only & removed subs in both cohorts & restrict to common period & 365 days of obs. prior",13406
"pmtx",8257,8257,8256,8233,11,3,"Matched on propensity score",12779
"pmtx",8256,8257,8256,8233,11,1,"Original cohorts",199040
"pmtx",8256,8257,8256,8233,11,2,"First exp. only & removed subs in both cohorts & restrict to common period & 365 days of obs. prior",199026
"pmtx",8256,8257,8256,8233,11,3,"Matched on propensity score",12779
"pmtx",8260,8260,8259,8233,11,1,"Original cohorts",17188
"pmtx",8260,8260,8259,8233,11,2,"First exp. only & removed subs in both cohorts & restrict to common period & 365 days of obs. prior",17174
"pmtx",8260,8260,8259,8233,11,3,"Matched on propensity score",16372
"pmtx",8259,8260,8259,8233,11,1,"Original cohorts",258713
"pmtx",8259,8260,8259,8233,11,2,"First exp. only & removed subs in both cohorts & restrict to common period & 365 days of obs. prior",258693
"pmtx",8259,8260,8259,8233,11,3,"Matched on propensity score",16372
"pmtx",8257,8257,8256,8233,9,1,"Original cohorts",13414
"pmtx",8257,8257,8256,8233,9,2,"First exp. only & removed subs in both cohorts & restrict to common period & 365 days of obs. prior",13406
"pmtx",8257,8257,8256,8233,9,3,"Matched on propensity score",12779
"pmtx",8256,8257,8256,8233,9,1,"Original cohorts",199040
"pmtx",8256,8257,8256,8233,9,2,"First exp. only & removed subs in both cohorts & restrict to common period & 365 days of obs. prior",199026
"pmtx",8256,8257,8256,8233,9,3,"Matched on propensity score",98414
"pmtx",8260,8260,8259,8233,9,1,"Original cohorts",17188
"pmtx",8260,8260,8259,8233,9,2,"First exp. only & removed subs in both cohorts & restrict to common period & 365 days of obs. prior",17174
"pmtx",8260,8260,8259,8233,9,3,"Matched on propensity score",16372
"pmtx",8259,8260,8259,8233,9,1,"Original cohorts",258713
"pmtx",8259,8260,8259,8233,9,2,"First exp. only & removed subs in both cohorts & restrict to common period & 365 days of obs. prior",258693
"pmtx",8259,8260,8259,8233,9,3,"Matched on propensity score",126367
