"covariate_analysis_id","covariate_analysis_name"
501,"ProcedureOccurrenceAnyTimePrior"
211,"ConditionGroupEraMediumTerm"
921,"VisitCountMediumTerm"
904,"Chads2Vasc"
409,"DrugGroupEraAnyTimePrior"
210,"ConditionGroupEraLongTerm"
412,"DrugGroupEraShortTerm"
1,"DemographicsGender"
6,"DemographicsIndexYear"
703,"MeasurementMediumTerm"
3,"DemographicsAgeGroup"
209,"ConditionGroupEraAnyTimePrior"
902,"Dcsi"
903,"Chads2"
410,"DrugGroupEraLongTerm"
212,"ConditionGroupEraShortTerm"
920,"VisitCountLongTerm"
901,"CharlsonIndex"
7,"DemographicsIndexMonth"
4,"DemographicsRace"
503,"ProcedureOccurrenceMediumTerm"
411,"DrugGroupEraMediumTerm"
5,"DemographicsEthnicity"
