"outcome_id","outcome_name"
432417,"Acquired hallux malleus"
75911,"Acquired hallux valgus"
77965,"Acquired trigger finger"
257007,"Allergic rhinitis"
378424,"Astigmatism"
77234,"Benign neoplasm of colon"
80767,"Breast lump"
380094,"Carpal tunnel syndrome"
375545,"Cataract"
255573,"Chronic obstructive lung disease"
201061,"Diaphragmatic hernia"
372887,"Disorder of brain"
77030,"Disorder of breast"
257907,"Disorder of lung"
81611,"Diverticular disease of colon"
320128,"Essential hypertension"
30437,"Gastro-esophageal reflux disease with esophagitis"
318800,"Gastroesophageal reflux disease"
437541,"Glaucoma"
4204199,"Hand pain"
432867,"Hyperlipidemia"
376415,"Hypermetropia"
140673,"Hypothyroidism"
374375,"Impacted cerumen"
201620,"Kidney stone"
439082,"Menopausal syndrome"
4209423,"Nicotine dependence"
372328,"Otitis media"
373478,"Presbyopia"
136773,"Rosacea"
313459,"Sleep apnea"
378427,"Tear film insufficiency"
377575,"Tinnitus"
201826,"Type 2 diabetes mellitus"
45768910,"Uncomplicated asthma"
197672,"Urinary incontinence"
437246,"Vitamin B deficiency"
436070,"Vitamin D deficiency"
4115367,"Wrist joint pain"
