"outcome_id","outcome_name","exposure_id","negative_control_id","effect_size"
10165,"Gastro-esophageal reflux disease with esophagitis, RR = 1.5",8257,30437,1.5
10048,"Gastro-esophageal reflux disease with esophagitis, RR = 1.5",8260,30437,1.5
10049,"Gastro-esophageal reflux disease with esophagitis, RR = 2",8260,30437,2
10166,"Gastro-esophageal reflux disease with esophagitis, RR = 2",8257,30437,2
10167,"Gastro-esophageal reflux disease with esophagitis, RR = 4",8257,30437,4
10050,"Gastro-esophageal reflux disease with esophagitis, RR = 4",8260,30437,4
10155,"Disorder of breast, RR = 4",8257,77030,4
10153,"Disorder of breast, RR = 1.5",8257,77030,1.5
10154,"Disorder of breast, RR = 2",8257,77030,2
10037,"Disorder of breast, RR = 2",8260,77030,2
10038,"Disorder of breast, RR = 4",8260,77030,4
10036,"Disorder of breast, RR = 1.5",8260,77030,1.5
10133,"Benign neoplasm of colon, RR = 2",8257,77234,2
10017,"Benign neoplasm of colon, RR = 4",8260,77234,4
10132,"Benign neoplasm of colon, RR = 1.5",8257,77234,1.5
10015,"Benign neoplasm of colon, RR = 1.5",8260,77234,1.5
10134,"Benign neoplasm of colon, RR = 4",8257,77234,4
10016,"Benign neoplasm of colon, RR = 2",8260,77234,2
10137,"Breast lump, RR = 4",8257,80767,4
10136,"Breast lump, RR = 2",8257,80767,2
10020,"Breast lump, RR = 4",8260,80767,4
10135,"Breast lump, RR = 1.5",8257,80767,1.5
10018,"Breast lump, RR = 1.5",8260,80767,1.5
10019,"Breast lump, RR = 2",8260,80767,2
10043,"Diverticular disease of colon, RR = 2",8260,81611,2
10044,"Diverticular disease of colon, RR = 4",8260,81611,4
10161,"Diverticular disease of colon, RR = 4",8257,81611,4
10160,"Diverticular disease of colon, RR = 2",8257,81611,2
10159,"Diverticular disease of colon, RR = 1.5",8257,81611,1.5
10042,"Diverticular disease of colon, RR = 1.5",8260,81611,1.5
10183,"Hypothyroidism, RR = 1.5",8257,140673,1.5
10184,"Hypothyroidism, RR = 2",8257,140673,2
10185,"Hypothyroidism, RR = 4",8257,140673,4
10066,"Hypothyroidism, RR = 1.5",8260,140673,1.5
10067,"Hypothyroidism, RR = 2",8260,140673,2
10068,"Hypothyroidism, RR = 4",8260,140673,4
10222,"Urinary incontinence, RR = 1.5",8257,197672,1.5
10105,"Urinary incontinence, RR = 1.5",8260,197672,1.5
10223,"Urinary incontinence, RR = 2",8257,197672,2
10224,"Urinary incontinence, RR = 4",8257,197672,4
10106,"Urinary incontinence, RR = 2",8260,197672,2
10107,"Urinary incontinence, RR = 4",8260,197672,4
10147,"Diaphragmatic hernia, RR = 1.5",8257,201061,1.5
10148,"Diaphragmatic hernia, RR = 2",8257,201061,2
10030,"Diaphragmatic hernia, RR = 1.5",8260,201061,1.5
10031,"Diaphragmatic hernia, RR = 2",8260,201061,2
10149,"Diaphragmatic hernia, RR = 4",8257,201061,4
10032,"Diaphragmatic hernia, RR = 4",8260,201061,4
10189,"Kidney stone, RR = 1.5",8257,201620,1.5
10190,"Kidney stone, RR = 2",8257,201620,2
10191,"Kidney stone, RR = 4",8257,201620,4
10072,"Kidney stone, RR = 1.5",8260,201620,1.5
10073,"Kidney stone, RR = 2",8260,201620,2
10074,"Kidney stone, RR = 4",8260,201620,4
10099,"Type 2 diabetes mellitus, RR = 1.5",8260,201826,1.5
10216,"Type 2 diabetes mellitus, RR = 1.5",8257,201826,1.5
10217,"Type 2 diabetes mellitus, RR = 2",8257,201826,2
10218,"Type 2 diabetes mellitus, RR = 4",8257,201826,4
10100,"Type 2 diabetes mellitus, RR = 2",8260,201826,2
10101,"Type 2 diabetes mellitus, RR = 4",8260,201826,4
10144,"Chronic obstructive lung disease, RR = 1.5",8257,255573,1.5
10145,"Chronic obstructive lung disease, RR = 2",8257,255573,2
10027,"Chronic obstructive lung disease, RR = 1.5",8260,255573,1.5
10028,"Chronic obstructive lung disease, RR = 2",8260,255573,2
10146,"Chronic obstructive lung disease, RR = 4",8257,255573,4
10029,"Chronic obstructive lung disease, RR = 4",8260,255573,4
10126,"Allergic rhinitis, RR = 1.5",8257,257007,1.5
10127,"Allergic rhinitis, RR = 2",8257,257007,2
10128,"Allergic rhinitis, RR = 4",8257,257007,4
10009,"Allergic rhinitis, RR = 1.5",8260,257007,1.5
10010,"Allergic rhinitis, RR = 2",8260,257007,2
10011,"Allergic rhinitis, RR = 4",8260,257007,4
10156,"Disorder of lung, RR = 1.5",8257,257907,1.5
10157,"Disorder of lung, RR = 2",8257,257907,2
10158,"Disorder of lung, RR = 4",8257,257907,4
10039,"Disorder of lung, RR = 1.5",8260,257907,1.5
10040,"Disorder of lung, RR = 2",8260,257907,2
10041,"Disorder of lung, RR = 4",8260,257907,4
10207,"Sleep apnea, RR = 1.5",8257,313459,1.5
10208,"Sleep apnea, RR = 2",8257,313459,2
10209,"Sleep apnea, RR = 4",8257,313459,4
10090,"Sleep apnea, RR = 1.5",8260,313459,1.5
10091,"Sleep apnea, RR = 2",8260,313459,2
10092,"Sleep apnea, RR = 4",8260,313459,4
10168,"Gastroesophageal reflux disease, RR = 1.5",8257,318800,1.5
10169,"Gastroesophageal reflux disease, RR = 2",8257,318800,2
10170,"Gastroesophageal reflux disease, RR = 4",8257,318800,4
10051,"Gastroesophageal reflux disease, RR = 1.5",8260,318800,1.5
10052,"Gastroesophageal reflux disease, RR = 2",8260,318800,2
10053,"Gastroesophageal reflux disease, RR = 4",8260,318800,4
10162,"Essential hypertension, RR = 1.5",8257,320128,1.5
10045,"Essential hypertension, RR = 1.5",8260,320128,1.5
10163,"Essential hypertension, RR = 2",8257,320128,2
10164,"Essential hypertension, RR = 4",8257,320128,4
10046,"Essential hypertension, RR = 2",8260,320128,2
10047,"Essential hypertension, RR = 4",8260,320128,4
10083,"Otitis media, RR = 4",8260,372328,4
10081,"Otitis media, RR = 1.5",8260,372328,1.5
10082,"Otitis media, RR = 2",8260,372328,2
10150,"Disorder of brain, RR = 1.5",8257,372887,1.5
10151,"Disorder of brain, RR = 2",8257,372887,2
10152,"Disorder of brain, RR = 4",8257,372887,4
10035,"Disorder of brain, RR = 4",8260,372887,4
10034,"Disorder of brain, RR = 2",8260,372887,2
10033,"Disorder of brain, RR = 1.5",8260,372887,1.5
10086,"Presbyopia, RR = 4",8260,373478,4
10085,"Presbyopia, RR = 2",8260,373478,2
10202,"Presbyopia, RR = 2",8257,373478,2
10203,"Presbyopia, RR = 4",8257,373478,4
10084,"Presbyopia, RR = 1.5",8260,373478,1.5
10201,"Presbyopia, RR = 1.5",8257,373478,1.5
10187,"Impacted cerumen, RR = 2",8257,374375,2
10188,"Impacted cerumen, RR = 4",8257,374375,4
10070,"Impacted cerumen, RR = 2",8260,374375,2
10186,"Impacted cerumen, RR = 1.5",8257,374375,1.5
10071,"Impacted cerumen, RR = 4",8260,374375,4
10069,"Impacted cerumen, RR = 1.5",8260,374375,1.5
10026,"Cataract, RR = 4",8260,375545,4
10143,"Cataract, RR = 4",8257,375545,4
10024,"Cataract, RR = 1.5",8260,375545,1.5
10025,"Cataract, RR = 2",8260,375545,2
10142,"Cataract, RR = 2",8257,375545,2
10141,"Cataract, RR = 1.5",8257,375545,1.5
10065,"Hypermetropia, RR = 4",8260,376415,4
10064,"Hypermetropia, RR = 2",8260,376415,2
10063,"Hypermetropia, RR = 1.5",8260,376415,1.5
10012,"Astigmatism, RR = 1.5",8260,378424,1.5
10013,"Astigmatism, RR = 2",8260,378424,2
10014,"Astigmatism, RR = 4",8260,378424,4
10093,"Tear film insufficiency, RR = 1.5",8260,378427,1.5
10094,"Tear film insufficiency, RR = 2",8260,378427,2
10095,"Tear film insufficiency, RR = 4",8260,378427,4
10021,"Carpal tunnel syndrome, RR = 1.5",8260,380094,1.5
10022,"Carpal tunnel syndrome, RR = 2",8260,380094,2
10023,"Carpal tunnel syndrome, RR = 4",8260,380094,4
10060,"Hyperlipidemia, RR = 1.5",8260,432867,1.5
10177,"Hyperlipidemia, RR = 1.5",8257,432867,1.5
10178,"Hyperlipidemia, RR = 2",8257,432867,2
10179,"Hyperlipidemia, RR = 4",8257,432867,4
10062,"Hyperlipidemia, RR = 4",8260,432867,4
10061,"Hyperlipidemia, RR = 2",8260,432867,2
10229,"Vitamin D deficiency, RR = 2",8257,436070,2
10111,"Vitamin D deficiency, RR = 1.5",8260,436070,1.5
10230,"Vitamin D deficiency, RR = 4",8257,436070,4
10228,"Vitamin D deficiency, RR = 1.5",8257,436070,1.5
10112,"Vitamin D deficiency, RR = 2",8260,436070,2
10113,"Vitamin D deficiency, RR = 4",8260,436070,4
10173,"Glaucoma, RR = 4",8257,437541,4
10172,"Glaucoma, RR = 2",8257,437541,2
10055,"Glaucoma, RR = 2",8260,437541,2
10056,"Glaucoma, RR = 4",8260,437541,4
10171,"Glaucoma, RR = 1.5",8257,437541,1.5
10054,"Glaucoma, RR = 1.5",8260,437541,1.5
10076,"Menopausal syndrome, RR = 2",8260,439082,2
10192,"Menopausal syndrome, RR = 1.5",8257,439082,1.5
10077,"Menopausal syndrome, RR = 4",8260,439082,4
10193,"Menopausal syndrome, RR = 2",8257,439082,2
10194,"Menopausal syndrome, RR = 4",8257,439082,4
10075,"Menopausal syndrome, RR = 1.5",8260,439082,1.5
10196,"Nicotine dependence, RR = 2",8257,4209423,2
10079,"Nicotine dependence, RR = 2",8260,4209423,2
10197,"Nicotine dependence, RR = 4",8257,4209423,4
10080,"Nicotine dependence, RR = 4",8260,4209423,4
10078,"Nicotine dependence, RR = 1.5",8260,4209423,1.5
10195,"Nicotine dependence, RR = 1.5",8257,4209423,1.5
10103,"Uncomplicated asthma, RR = 2",8260,45768910,2
10220,"Uncomplicated asthma, RR = 2",8257,45768910,2
10102,"Uncomplicated asthma, RR = 1.5",8260,45768910,1.5
10104,"Uncomplicated asthma, RR = 4",8260,45768910,4
10219,"Uncomplicated asthma, RR = 1.5",8257,45768910,1.5
10221,"Uncomplicated asthma, RR = 4",8257,45768910,4
20165,"Gastro-esophageal reflux disease with esophagitis, RR = 1.5",8257,30437,1.5
20166,"Gastro-esophageal reflux disease with esophagitis, RR = 2",8257,30437,2
20048,"Gastro-esophageal reflux disease with esophagitis, RR = 1.5",8260,30437,1.5
20049,"Gastro-esophageal reflux disease with esophagitis, RR = 2",8260,30437,2
20050,"Gastro-esophageal reflux disease with esophagitis, RR = 4",8260,30437,4
20167,"Gastro-esophageal reflux disease with esophagitis, RR = 4",8257,30437,4
20120,"Acquired hallux valgus, RR = 1.5",8257,75911,1.5
20003,"Acquired hallux valgus, RR = 1.5",8260,75911,1.5
20004,"Acquired hallux valgus, RR = 2",8260,75911,2
20121,"Acquired hallux valgus, RR = 2",8257,75911,2
20122,"Acquired hallux valgus, RR = 4",8257,75911,4
20005,"Acquired hallux valgus, RR = 4",8260,75911,4
20153,"Disorder of breast, RR = 1.5",8257,77030,1.5
20154,"Disorder of breast, RR = 2",8257,77030,2
20036,"Disorder of breast, RR = 1.5",8260,77030,1.5
20037,"Disorder of breast, RR = 2",8260,77030,2
20038,"Disorder of breast, RR = 4",8260,77030,4
20155,"Disorder of breast, RR = 4",8257,77030,4
20015,"Benign neoplasm of colon, RR = 1.5",8260,77234,1.5
20132,"Benign neoplasm of colon, RR = 1.5",8257,77234,1.5
20133,"Benign neoplasm of colon, RR = 2",8257,77234,2
20134,"Benign neoplasm of colon, RR = 4",8257,77234,4
20016,"Benign neoplasm of colon, RR = 2",8260,77234,2
20017,"Benign neoplasm of colon, RR = 4",8260,77234,4
20123,"Acquired trigger finger, RR = 1.5",8257,77965,1.5
20006,"Acquired trigger finger, RR = 1.5",8260,77965,1.5
20007,"Acquired trigger finger, RR = 2",8260,77965,2
20124,"Acquired trigger finger, RR = 2",8257,77965,2
20125,"Acquired trigger finger, RR = 4",8257,77965,4
20008,"Acquired trigger finger, RR = 4",8260,77965,4
20135,"Breast lump, RR = 1.5",8257,80767,1.5
20136,"Breast lump, RR = 2",8257,80767,2
20018,"Breast lump, RR = 1.5",8260,80767,1.5
20019,"Breast lump, RR = 2",8260,80767,2
20020,"Breast lump, RR = 4",8260,80767,4
20137,"Breast lump, RR = 4",8257,80767,4
20159,"Diverticular disease of colon, RR = 1.5",8257,81611,1.5
20160,"Diverticular disease of colon, RR = 2",8257,81611,2
20161,"Diverticular disease of colon, RR = 4",8257,81611,4
20042,"Diverticular disease of colon, RR = 1.5",8260,81611,1.5
20043,"Diverticular disease of colon, RR = 2",8260,81611,2
20044,"Diverticular disease of colon, RR = 4",8260,81611,4
20204,"Rosacea, RR = 1.5",8257,136773,1.5
20205,"Rosacea, RR = 2",8257,136773,2
20206,"Rosacea, RR = 4",8257,136773,4
20087,"Rosacea, RR = 1.5",8260,136773,1.5
20088,"Rosacea, RR = 2",8260,136773,2
20089,"Rosacea, RR = 4",8260,136773,4
20066,"Hypothyroidism, RR = 1.5",8260,140673,1.5
20183,"Hypothyroidism, RR = 1.5",8257,140673,1.5
20184,"Hypothyroidism, RR = 2",8257,140673,2
20185,"Hypothyroidism, RR = 4",8257,140673,4
20067,"Hypothyroidism, RR = 2",8260,140673,2
20068,"Hypothyroidism, RR = 4",8260,140673,4
20222,"Urinary incontinence, RR = 1.5",8257,197672,1.5
20105,"Urinary incontinence, RR = 1.5",8260,197672,1.5
20106,"Urinary incontinence, RR = 2",8260,197672,2
20223,"Urinary incontinence, RR = 2",8257,197672,2
20224,"Urinary incontinence, RR = 4",8257,197672,4
20107,"Urinary incontinence, RR = 4",8260,197672,4
20147,"Diaphragmatic hernia, RR = 1.5",8257,201061,1.5
20148,"Diaphragmatic hernia, RR = 2",8257,201061,2
20030,"Diaphragmatic hernia, RR = 1.5",8260,201061,1.5
20031,"Diaphragmatic hernia, RR = 2",8260,201061,2
20032,"Diaphragmatic hernia, RR = 4",8260,201061,4
20149,"Diaphragmatic hernia, RR = 4",8257,201061,4
20072,"Kidney stone, RR = 1.5",8260,201620,1.5
20189,"Kidney stone, RR = 1.5",8257,201620,1.5
20190,"Kidney stone, RR = 2",8257,201620,2
20191,"Kidney stone, RR = 4",8257,201620,4
20073,"Kidney stone, RR = 2",8260,201620,2
20074,"Kidney stone, RR = 4",8260,201620,4
20216,"Type 2 diabetes mellitus, RR = 1.5",8257,201826,1.5
20099,"Type 2 diabetes mellitus, RR = 1.5",8260,201826,1.5
20100,"Type 2 diabetes mellitus, RR = 2",8260,201826,2
20217,"Type 2 diabetes mellitus, RR = 2",8257,201826,2
20218,"Type 2 diabetes mellitus, RR = 4",8257,201826,4
20101,"Type 2 diabetes mellitus, RR = 4",8260,201826,4
20144,"Chronic obstructive lung disease, RR = 1.5",8257,255573,1.5
20145,"Chronic obstructive lung disease, RR = 2",8257,255573,2
20027,"Chronic obstructive lung disease, RR = 1.5",8260,255573,1.5
20028,"Chronic obstructive lung disease, RR = 2",8260,255573,2
20029,"Chronic obstructive lung disease, RR = 4",8260,255573,4
20146,"Chronic obstructive lung disease, RR = 4",8257,255573,4
20126,"Allergic rhinitis, RR = 1.5",8257,257007,1.5
20127,"Allergic rhinitis, RR = 2",8257,257007,2
20128,"Allergic rhinitis, RR = 4",8257,257007,4
20009,"Allergic rhinitis, RR = 1.5",8260,257007,1.5
20010,"Allergic rhinitis, RR = 2",8260,257007,2
20011,"Allergic rhinitis, RR = 4",8260,257007,4
20039,"Disorder of lung, RR = 1.5",8260,257907,1.5
20040,"Disorder of lung, RR = 2",8260,257907,2
20156,"Disorder of lung, RR = 1.5",8257,257907,1.5
20157,"Disorder of lung, RR = 2",8257,257907,2
20158,"Disorder of lung, RR = 4",8257,257907,4
20041,"Disorder of lung, RR = 4",8260,257907,4
20207,"Sleep apnea, RR = 1.5",8257,313459,1.5
20208,"Sleep apnea, RR = 2",8257,313459,2
20209,"Sleep apnea, RR = 4",8257,313459,4
20090,"Sleep apnea, RR = 1.5",8260,313459,1.5
20091,"Sleep apnea, RR = 2",8260,313459,2
20092,"Sleep apnea, RR = 4",8260,313459,4
20051,"Gastroesophageal reflux disease, RR = 1.5",8260,318800,1.5
20168,"Gastroesophageal reflux disease, RR = 1.5",8257,318800,1.5
20169,"Gastroesophageal reflux disease, RR = 2",8257,318800,2
20170,"Gastroesophageal reflux disease, RR = 4",8257,318800,4
20052,"Gastroesophageal reflux disease, RR = 2",8260,318800,2
20053,"Gastroesophageal reflux disease, RR = 4",8260,318800,4
20162,"Essential hypertension, RR = 1.5",8257,320128,1.5
20045,"Essential hypertension, RR = 1.5",8260,320128,1.5
20046,"Essential hypertension, RR = 2",8260,320128,2
20047,"Essential hypertension, RR = 4",8260,320128,4
20163,"Essential hypertension, RR = 2",8257,320128,2
20164,"Essential hypertension, RR = 4",8257,320128,4
20081,"Otitis media, RR = 1.5",8260,372328,1.5
20198,"Otitis media, RR = 1.5",8257,372328,1.5
20199,"Otitis media, RR = 2",8257,372328,2
20200,"Otitis media, RR = 4",8257,372328,4
20082,"Otitis media, RR = 2",8260,372328,2
20083,"Otitis media, RR = 4",8260,372328,4
20150,"Disorder of brain, RR = 1.5",8257,372887,1.5
20033,"Disorder of brain, RR = 1.5",8260,372887,1.5
20034,"Disorder of brain, RR = 2",8260,372887,2
20151,"Disorder of brain, RR = 2",8257,372887,2
20152,"Disorder of brain, RR = 4",8257,372887,4
20035,"Disorder of brain, RR = 4",8260,372887,4
20201,"Presbyopia, RR = 1.5",8257,373478,1.5
20202,"Presbyopia, RR = 2",8257,373478,2
20084,"Presbyopia, RR = 1.5",8260,373478,1.5
20085,"Presbyopia, RR = 2",8260,373478,2
20086,"Presbyopia, RR = 4",8260,373478,4
20203,"Presbyopia, RR = 4",8257,373478,4
20186,"Impacted cerumen, RR = 1.5",8257,374375,1.5
20187,"Impacted cerumen, RR = 2",8257,374375,2
20188,"Impacted cerumen, RR = 4",8257,374375,4
20069,"Impacted cerumen, RR = 1.5",8260,374375,1.5
20070,"Impacted cerumen, RR = 2",8260,374375,2
20071,"Impacted cerumen, RR = 4",8260,374375,4
20024,"Cataract, RR = 1.5",8260,375545,1.5
20025,"Cataract, RR = 2",8260,375545,2
20141,"Cataract, RR = 1.5",8257,375545,1.5
20142,"Cataract, RR = 2",8257,375545,2
20143,"Cataract, RR = 4",8257,375545,4
20026,"Cataract, RR = 4",8260,375545,4
20180,"Hypermetropia, RR = 1.5",8257,376415,1.5
20181,"Hypermetropia, RR = 2",8257,376415,2
20063,"Hypermetropia, RR = 1.5",8260,376415,1.5
20064,"Hypermetropia, RR = 2",8260,376415,2
20065,"Hypermetropia, RR = 4",8260,376415,4
20182,"Hypermetropia, RR = 4",8257,376415,4
20213,"Tinnitus, RR = 1.5",8257,377575,1.5
20214,"Tinnitus, RR = 2",8257,377575,2
20215,"Tinnitus, RR = 4",8257,377575,4
20096,"Tinnitus, RR = 1.5",8260,377575,1.5
20097,"Tinnitus, RR = 2",8260,377575,2
20098,"Tinnitus, RR = 4",8260,377575,4
20012,"Astigmatism, RR = 1.5",8260,378424,1.5
20129,"Astigmatism, RR = 1.5",8257,378424,1.5
20130,"Astigmatism, RR = 2",8257,378424,2
20131,"Astigmatism, RR = 4",8257,378424,4
20013,"Astigmatism, RR = 2",8260,378424,2
20014,"Astigmatism, RR = 4",8260,378424,4
20210,"Tear film insufficiency, RR = 1.5",8257,378427,1.5
20093,"Tear film insufficiency, RR = 1.5",8260,378427,1.5
20094,"Tear film insufficiency, RR = 2",8260,378427,2
20095,"Tear film insufficiency, RR = 4",8260,378427,4
20211,"Tear film insufficiency, RR = 2",8257,378427,2
20212,"Tear film insufficiency, RR = 4",8257,378427,4
20138,"Carpal tunnel syndrome, RR = 1.5",8257,380094,1.5
20139,"Carpal tunnel syndrome, RR = 2",8257,380094,2
20140,"Carpal tunnel syndrome, RR = 4",8257,380094,4
20021,"Carpal tunnel syndrome, RR = 1.5",8260,380094,1.5
20022,"Carpal tunnel syndrome, RR = 2",8260,380094,2
20023,"Carpal tunnel syndrome, RR = 4",8260,380094,4
20000,"Acquired hallux malleus, RR = 1.5",8260,432417,1.5
20001,"Acquired hallux malleus, RR = 2",8260,432417,2
20117,"Acquired hallux malleus, RR = 1.5",8257,432417,1.5
20118,"Acquired hallux malleus, RR = 2",8257,432417,2
20119,"Acquired hallux malleus, RR = 4",8257,432417,4
20002,"Acquired hallux malleus, RR = 4",8260,432417,4
20177,"Hyperlipidemia, RR = 1.5",8257,432867,1.5
20178,"Hyperlipidemia, RR = 2",8257,432867,2
20060,"Hyperlipidemia, RR = 1.5",8260,432867,1.5
20061,"Hyperlipidemia, RR = 2",8260,432867,2
20062,"Hyperlipidemia, RR = 4",8260,432867,4
20179,"Hyperlipidemia, RR = 4",8257,432867,4
20228,"Vitamin D deficiency, RR = 1.5",8257,436070,1.5
20229,"Vitamin D deficiency, RR = 2",8257,436070,2
20230,"Vitamin D deficiency, RR = 4",8257,436070,4
20111,"Vitamin D deficiency, RR = 1.5",8260,436070,1.5
20112,"Vitamin D deficiency, RR = 2",8260,436070,2
20113,"Vitamin D deficiency, RR = 4",8260,436070,4
20108,"Vitamin B deficiency, RR = 1.5",8260,437246,1.5
20225,"Vitamin B deficiency, RR = 1.5",8257,437246,1.5
20226,"Vitamin B deficiency, RR = 2",8257,437246,2
20227,"Vitamin B deficiency, RR = 4",8257,437246,4
20109,"Vitamin B deficiency, RR = 2",8260,437246,2
20110,"Vitamin B deficiency, RR = 4",8260,437246,4
20171,"Glaucoma, RR = 1.5",8257,437541,1.5
20054,"Glaucoma, RR = 1.5",8260,437541,1.5
20055,"Glaucoma, RR = 2",8260,437541,2
20056,"Glaucoma, RR = 4",8260,437541,4
20172,"Glaucoma, RR = 2",8257,437541,2
20173,"Glaucoma, RR = 4",8257,437541,4
20192,"Menopausal syndrome, RR = 1.5",8257,439082,1.5
20193,"Menopausal syndrome, RR = 2",8257,439082,2
20194,"Menopausal syndrome, RR = 4",8257,439082,4
20075,"Menopausal syndrome, RR = 1.5",8260,439082,1.5
20076,"Menopausal syndrome, RR = 2",8260,439082,2
20077,"Menopausal syndrome, RR = 4",8260,439082,4
20114,"Wrist joint pain, RR = 1.5",8260,4115367,1.5
20231,"Wrist joint pain, RR = 1.5",8257,4115367,1.5
20232,"Wrist joint pain, RR = 2",8257,4115367,2
20233,"Wrist joint pain, RR = 4",8257,4115367,4
20115,"Wrist joint pain, RR = 2",8260,4115367,2
20116,"Wrist joint pain, RR = 4",8260,4115367,4
20174,"Hand pain, RR = 1.5",8257,4204199,1.5
20057,"Hand pain, RR = 1.5",8260,4204199,1.5
20058,"Hand pain, RR = 2",8260,4204199,2
20175,"Hand pain, RR = 2",8257,4204199,2
20176,"Hand pain, RR = 4",8257,4204199,4
20059,"Hand pain, RR = 4",8260,4204199,4
20195,"Nicotine dependence, RR = 1.5",8257,4209423,1.5
20196,"Nicotine dependence, RR = 2",8257,4209423,2
20078,"Nicotine dependence, RR = 1.5",8260,4209423,1.5
20079,"Nicotine dependence, RR = 2",8260,4209423,2
20080,"Nicotine dependence, RR = 4",8260,4209423,4
20197,"Nicotine dependence, RR = 4",8257,4209423,4
20102,"Uncomplicated asthma, RR = 1.5",8260,45768910,1.5
20219,"Uncomplicated asthma, RR = 1.5",8257,45768910,1.5
20220,"Uncomplicated asthma, RR = 2",8257,45768910,2
20221,"Uncomplicated asthma, RR = 4",8257,45768910,4
20103,"Uncomplicated asthma, RR = 2",8260,45768910,2
20104,"Uncomplicated asthma, RR = 4",8260,45768910,4
30165,"Gastro-esophageal reflux disease with esophagitis, RR = 1.5",8257,30437,1.5
30166,"Gastro-esophageal reflux disease with esophagitis, RR = 2",8257,30437,2
30048,"Gastro-esophageal reflux disease with esophagitis, RR = 1.5",8260,30437,1.5
30049,"Gastro-esophageal reflux disease with esophagitis, RR = 2",8260,30437,2
30050,"Gastro-esophageal reflux disease with esophagitis, RR = 4",8260,30437,4
30167,"Gastro-esophageal reflux disease with esophagitis, RR = 4",8257,30437,4
30120,"Acquired hallux valgus, RR = 1.5",8257,75911,1.5
30003,"Acquired hallux valgus, RR = 1.5",8260,75911,1.5
30004,"Acquired hallux valgus, RR = 2",8260,75911,2
30121,"Acquired hallux valgus, RR = 2",8257,75911,2
30122,"Acquired hallux valgus, RR = 4",8257,75911,4
30005,"Acquired hallux valgus, RR = 4",8260,75911,4
30153,"Disorder of breast, RR = 1.5",8257,77030,1.5
30154,"Disorder of breast, RR = 2",8257,77030,2
30036,"Disorder of breast, RR = 1.5",8260,77030,1.5
30037,"Disorder of breast, RR = 2",8260,77030,2
30038,"Disorder of breast, RR = 4",8260,77030,4
30155,"Disorder of breast, RR = 4",8257,77030,4
30015,"Benign neoplasm of colon, RR = 1.5",8260,77234,1.5
30132,"Benign neoplasm of colon, RR = 1.5",8257,77234,1.5
30133,"Benign neoplasm of colon, RR = 2",8257,77234,2
30134,"Benign neoplasm of colon, RR = 4",8257,77234,4
30016,"Benign neoplasm of colon, RR = 2",8260,77234,2
30017,"Benign neoplasm of colon, RR = 4",8260,77234,4
30123,"Acquired trigger finger, RR = 1.5",8257,77965,1.5
30006,"Acquired trigger finger, RR = 1.5",8260,77965,1.5
30007,"Acquired trigger finger, RR = 2",8260,77965,2
30124,"Acquired trigger finger, RR = 2",8257,77965,2
30125,"Acquired trigger finger, RR = 4",8257,77965,4
30008,"Acquired trigger finger, RR = 4",8260,77965,4
30135,"Breast lump, RR = 1.5",8257,80767,1.5
30136,"Breast lump, RR = 2",8257,80767,2
30018,"Breast lump, RR = 1.5",8260,80767,1.5
30019,"Breast lump, RR = 2",8260,80767,2
30020,"Breast lump, RR = 4",8260,80767,4
30137,"Breast lump, RR = 4",8257,80767,4
30159,"Diverticular disease of colon, RR = 1.5",8257,81611,1.5
30160,"Diverticular disease of colon, RR = 2",8257,81611,2
30161,"Diverticular disease of colon, RR = 4",8257,81611,4
30042,"Diverticular disease of colon, RR = 1.5",8260,81611,1.5
30043,"Diverticular disease of colon, RR = 2",8260,81611,2
30044,"Diverticular disease of colon, RR = 4",8260,81611,4
30204,"Rosacea, RR = 1.5",8257,136773,1.5
30205,"Rosacea, RR = 2",8257,136773,2
30206,"Rosacea, RR = 4",8257,136773,4
30087,"Rosacea, RR = 1.5",8260,136773,1.5
30088,"Rosacea, RR = 2",8260,136773,2
30089,"Rosacea, RR = 4",8260,136773,4
30066,"Hypothyroidism, RR = 1.5",8260,140673,1.5
30183,"Hypothyroidism, RR = 1.5",8257,140673,1.5
30184,"Hypothyroidism, RR = 2",8257,140673,2
30185,"Hypothyroidism, RR = 4",8257,140673,4
30067,"Hypothyroidism, RR = 2",8260,140673,2
30068,"Hypothyroidism, RR = 4",8260,140673,4
30222,"Urinary incontinence, RR = 1.5",8257,197672,1.5
30105,"Urinary incontinence, RR = 1.5",8260,197672,1.5
30106,"Urinary incontinence, RR = 2",8260,197672,2
30223,"Urinary incontinence, RR = 2",8257,197672,2
30224,"Urinary incontinence, RR = 4",8257,197672,4
30107,"Urinary incontinence, RR = 4",8260,197672,4
30147,"Diaphragmatic hernia, RR = 1.5",8257,201061,1.5
30148,"Diaphragmatic hernia, RR = 2",8257,201061,2
30030,"Diaphragmatic hernia, RR = 1.5",8260,201061,1.5
30031,"Diaphragmatic hernia, RR = 2",8260,201061,2
30032,"Diaphragmatic hernia, RR = 4",8260,201061,4
30149,"Diaphragmatic hernia, RR = 4",8257,201061,4
30072,"Kidney stone, RR = 1.5",8260,201620,1.5
30189,"Kidney stone, RR = 1.5",8257,201620,1.5
30190,"Kidney stone, RR = 2",8257,201620,2
30191,"Kidney stone, RR = 4",8257,201620,4
30073,"Kidney stone, RR = 2",8260,201620,2
30074,"Kidney stone, RR = 4",8260,201620,4
30216,"Type 2 diabetes mellitus, RR = 1.5",8257,201826,1.5
30099,"Type 2 diabetes mellitus, RR = 1.5",8260,201826,1.5
30100,"Type 2 diabetes mellitus, RR = 2",8260,201826,2
30217,"Type 2 diabetes mellitus, RR = 2",8257,201826,2
30218,"Type 2 diabetes mellitus, RR = 4",8257,201826,4
30101,"Type 2 diabetes mellitus, RR = 4",8260,201826,4
30144,"Chronic obstructive lung disease, RR = 1.5",8257,255573,1.5
30145,"Chronic obstructive lung disease, RR = 2",8257,255573,2
30027,"Chronic obstructive lung disease, RR = 1.5",8260,255573,1.5
30028,"Chronic obstructive lung disease, RR = 2",8260,255573,2
30029,"Chronic obstructive lung disease, RR = 4",8260,255573,4
30146,"Chronic obstructive lung disease, RR = 4",8257,255573,4
30126,"Allergic rhinitis, RR = 1.5",8257,257007,1.5
30127,"Allergic rhinitis, RR = 2",8257,257007,2
30128,"Allergic rhinitis, RR = 4",8257,257007,4
30009,"Allergic rhinitis, RR = 1.5",8260,257007,1.5
30010,"Allergic rhinitis, RR = 2",8260,257007,2
30011,"Allergic rhinitis, RR = 4",8260,257007,4
30039,"Disorder of lung, RR = 1.5",8260,257907,1.5
30040,"Disorder of lung, RR = 2",8260,257907,2
30156,"Disorder of lung, RR = 1.5",8257,257907,1.5
30157,"Disorder of lung, RR = 2",8257,257907,2
30158,"Disorder of lung, RR = 4",8257,257907,4
30041,"Disorder of lung, RR = 4",8260,257907,4
30207,"Sleep apnea, RR = 1.5",8257,313459,1.5
30208,"Sleep apnea, RR = 2",8257,313459,2
30209,"Sleep apnea, RR = 4",8257,313459,4
30090,"Sleep apnea, RR = 1.5",8260,313459,1.5
30091,"Sleep apnea, RR = 2",8260,313459,2
30092,"Sleep apnea, RR = 4",8260,313459,4
30051,"Gastroesophageal reflux disease, RR = 1.5",8260,318800,1.5
30168,"Gastroesophageal reflux disease, RR = 1.5",8257,318800,1.5
30169,"Gastroesophageal reflux disease, RR = 2",8257,318800,2
30170,"Gastroesophageal reflux disease, RR = 4",8257,318800,4
30052,"Gastroesophageal reflux disease, RR = 2",8260,318800,2
30053,"Gastroesophageal reflux disease, RR = 4",8260,318800,4
30162,"Essential hypertension, RR = 1.5",8257,320128,1.5
30045,"Essential hypertension, RR = 1.5",8260,320128,1.5
30046,"Essential hypertension, RR = 2",8260,320128,2
30047,"Essential hypertension, RR = 4",8260,320128,4
30163,"Essential hypertension, RR = 2",8257,320128,2
30164,"Essential hypertension, RR = 4",8257,320128,4
30081,"Otitis media, RR = 1.5",8260,372328,1.5
30198,"Otitis media, RR = 1.5",8257,372328,1.5
30199,"Otitis media, RR = 2",8257,372328,2
30200,"Otitis media, RR = 4",8257,372328,4
30082,"Otitis media, RR = 2",8260,372328,2
30083,"Otitis media, RR = 4",8260,372328,4
30150,"Disorder of brain, RR = 1.5",8257,372887,1.5
30033,"Disorder of brain, RR = 1.5",8260,372887,1.5
30034,"Disorder of brain, RR = 2",8260,372887,2
30151,"Disorder of brain, RR = 2",8257,372887,2
30152,"Disorder of brain, RR = 4",8257,372887,4
30035,"Disorder of brain, RR = 4",8260,372887,4
30201,"Presbyopia, RR = 1.5",8257,373478,1.5
30202,"Presbyopia, RR = 2",8257,373478,2
30084,"Presbyopia, RR = 1.5",8260,373478,1.5
30085,"Presbyopia, RR = 2",8260,373478,2
30086,"Presbyopia, RR = 4",8260,373478,4
30203,"Presbyopia, RR = 4",8257,373478,4
30186,"Impacted cerumen, RR = 1.5",8257,374375,1.5
30187,"Impacted cerumen, RR = 2",8257,374375,2
30188,"Impacted cerumen, RR = 4",8257,374375,4
30069,"Impacted cerumen, RR = 1.5",8260,374375,1.5
30070,"Impacted cerumen, RR = 2",8260,374375,2
30071,"Impacted cerumen, RR = 4",8260,374375,4
30024,"Cataract, RR = 1.5",8260,375545,1.5
30025,"Cataract, RR = 2",8260,375545,2
30141,"Cataract, RR = 1.5",8257,375545,1.5
30142,"Cataract, RR = 2",8257,375545,2
30143,"Cataract, RR = 4",8257,375545,4
30026,"Cataract, RR = 4",8260,375545,4
30180,"Hypermetropia, RR = 1.5",8257,376415,1.5
30181,"Hypermetropia, RR = 2",8257,376415,2
30063,"Hypermetropia, RR = 1.5",8260,376415,1.5
30064,"Hypermetropia, RR = 2",8260,376415,2
30065,"Hypermetropia, RR = 4",8260,376415,4
30182,"Hypermetropia, RR = 4",8257,376415,4
30213,"Tinnitus, RR = 1.5",8257,377575,1.5
30214,"Tinnitus, RR = 2",8257,377575,2
30215,"Tinnitus, RR = 4",8257,377575,4
30096,"Tinnitus, RR = 1.5",8260,377575,1.5
30097,"Tinnitus, RR = 2",8260,377575,2
30098,"Tinnitus, RR = 4",8260,377575,4
30012,"Astigmatism, RR = 1.5",8260,378424,1.5
30129,"Astigmatism, RR = 1.5",8257,378424,1.5
30130,"Astigmatism, RR = 2",8257,378424,2
30131,"Astigmatism, RR = 4",8257,378424,4
30013,"Astigmatism, RR = 2",8260,378424,2
30014,"Astigmatism, RR = 4",8260,378424,4
30210,"Tear film insufficiency, RR = 1.5",8257,378427,1.5
30093,"Tear film insufficiency, RR = 1.5",8260,378427,1.5
30094,"Tear film insufficiency, RR = 2",8260,378427,2
30095,"Tear film insufficiency, RR = 4",8260,378427,4
30211,"Tear film insufficiency, RR = 2",8257,378427,2
30212,"Tear film insufficiency, RR = 4",8257,378427,4
30138,"Carpal tunnel syndrome, RR = 1.5",8257,380094,1.5
30139,"Carpal tunnel syndrome, RR = 2",8257,380094,2
30140,"Carpal tunnel syndrome, RR = 4",8257,380094,4
30021,"Carpal tunnel syndrome, RR = 1.5",8260,380094,1.5
30022,"Carpal tunnel syndrome, RR = 2",8260,380094,2
30023,"Carpal tunnel syndrome, RR = 4",8260,380094,4
30000,"Acquired hallux malleus, RR = 1.5",8260,432417,1.5
30001,"Acquired hallux malleus, RR = 2",8260,432417,2
30117,"Acquired hallux malleus, RR = 1.5",8257,432417,1.5
30118,"Acquired hallux malleus, RR = 2",8257,432417,2
30119,"Acquired hallux malleus, RR = 4",8257,432417,4
30002,"Acquired hallux malleus, RR = 4",8260,432417,4
30177,"Hyperlipidemia, RR = 1.5",8257,432867,1.5
30178,"Hyperlipidemia, RR = 2",8257,432867,2
30060,"Hyperlipidemia, RR = 1.5",8260,432867,1.5
30061,"Hyperlipidemia, RR = 2",8260,432867,2
30062,"Hyperlipidemia, RR = 4",8260,432867,4
30179,"Hyperlipidemia, RR = 4",8257,432867,4
30228,"Vitamin D deficiency, RR = 1.5",8257,436070,1.5
30229,"Vitamin D deficiency, RR = 2",8257,436070,2
30230,"Vitamin D deficiency, RR = 4",8257,436070,4
30111,"Vitamin D deficiency, RR = 1.5",8260,436070,1.5
30112,"Vitamin D deficiency, RR = 2",8260,436070,2
30113,"Vitamin D deficiency, RR = 4",8260,436070,4
30108,"Vitamin B deficiency, RR = 1.5",8260,437246,1.5
30225,"Vitamin B deficiency, RR = 1.5",8257,437246,1.5
30226,"Vitamin B deficiency, RR = 2",8257,437246,2
30227,"Vitamin B deficiency, RR = 4",8257,437246,4
30109,"Vitamin B deficiency, RR = 2",8260,437246,2
30110,"Vitamin B deficiency, RR = 4",8260,437246,4
30171,"Glaucoma, RR = 1.5",8257,437541,1.5
30054,"Glaucoma, RR = 1.5",8260,437541,1.5
30055,"Glaucoma, RR = 2",8260,437541,2
30056,"Glaucoma, RR = 4",8260,437541,4
30172,"Glaucoma, RR = 2",8257,437541,2
30173,"Glaucoma, RR = 4",8257,437541,4
30192,"Menopausal syndrome, RR = 1.5",8257,439082,1.5
30193,"Menopausal syndrome, RR = 2",8257,439082,2
30194,"Menopausal syndrome, RR = 4",8257,439082,4
30075,"Menopausal syndrome, RR = 1.5",8260,439082,1.5
30076,"Menopausal syndrome, RR = 2",8260,439082,2
30077,"Menopausal syndrome, RR = 4",8260,439082,4
30114,"Wrist joint pain, RR = 1.5",8260,4115367,1.5
30231,"Wrist joint pain, RR = 1.5",8257,4115367,1.5
30232,"Wrist joint pain, RR = 2",8257,4115367,2
30233,"Wrist joint pain, RR = 4",8257,4115367,4
30115,"Wrist joint pain, RR = 2",8260,4115367,2
30116,"Wrist joint pain, RR = 4",8260,4115367,4
30174,"Hand pain, RR = 1.5",8257,4204199,1.5
30057,"Hand pain, RR = 1.5",8260,4204199,1.5
30058,"Hand pain, RR = 2",8260,4204199,2
30175,"Hand pain, RR = 2",8257,4204199,2
30176,"Hand pain, RR = 4",8257,4204199,4
30059,"Hand pain, RR = 4",8260,4204199,4
30195,"Nicotine dependence, RR = 1.5",8257,4209423,1.5
30196,"Nicotine dependence, RR = 2",8257,4209423,2
30078,"Nicotine dependence, RR = 1.5",8260,4209423,1.5
30079,"Nicotine dependence, RR = 2",8260,4209423,2
30080,"Nicotine dependence, RR = 4",8260,4209423,4
30197,"Nicotine dependence, RR = 4",8257,4209423,4
30102,"Uncomplicated asthma, RR = 1.5",8260,45768910,1.5
30219,"Uncomplicated asthma, RR = 1.5",8257,45768910,1.5
30220,"Uncomplicated asthma, RR = 2",8257,45768910,2
30221,"Uncomplicated asthma, RR = 4",8257,45768910,4
30103,"Uncomplicated asthma, RR = 2",8260,45768910,2
30104,"Uncomplicated asthma, RR = 4",8260,45768910,4
40165,"Gastro-esophageal reflux disease with esophagitis, RR = 1.5",8257,30437,1.5
40166,"Gastro-esophageal reflux disease with esophagitis, RR = 2",8257,30437,2
40048,"Gastro-esophageal reflux disease with esophagitis, RR = 1.5",8260,30437,1.5
40049,"Gastro-esophageal reflux disease with esophagitis, RR = 2",8260,30437,2
40050,"Gastro-esophageal reflux disease with esophagitis, RR = 4",8260,30437,4
40167,"Gastro-esophageal reflux disease with esophagitis, RR = 4",8257,30437,4
40120,"Acquired hallux valgus, RR = 1.5",8257,75911,1.5
40003,"Acquired hallux valgus, RR = 1.5",8260,75911,1.5
40004,"Acquired hallux valgus, RR = 2",8260,75911,2
40121,"Acquired hallux valgus, RR = 2",8257,75911,2
40122,"Acquired hallux valgus, RR = 4",8257,75911,4
40005,"Acquired hallux valgus, RR = 4",8260,75911,4
40153,"Disorder of breast, RR = 1.5",8257,77030,1.5
40154,"Disorder of breast, RR = 2",8257,77030,2
40036,"Disorder of breast, RR = 1.5",8260,77030,1.5
40037,"Disorder of breast, RR = 2",8260,77030,2
40038,"Disorder of breast, RR = 4",8260,77030,4
40155,"Disorder of breast, RR = 4",8257,77030,4
40015,"Benign neoplasm of colon, RR = 1.5",8260,77234,1.5
40132,"Benign neoplasm of colon, RR = 1.5",8257,77234,1.5
40133,"Benign neoplasm of colon, RR = 2",8257,77234,2
40134,"Benign neoplasm of colon, RR = 4",8257,77234,4
40016,"Benign neoplasm of colon, RR = 2",8260,77234,2
40017,"Benign neoplasm of colon, RR = 4",8260,77234,4
40123,"Acquired trigger finger, RR = 1.5",8257,77965,1.5
40006,"Acquired trigger finger, RR = 1.5",8260,77965,1.5
40007,"Acquired trigger finger, RR = 2",8260,77965,2
40124,"Acquired trigger finger, RR = 2",8257,77965,2
40125,"Acquired trigger finger, RR = 4",8257,77965,4
40008,"Acquired trigger finger, RR = 4",8260,77965,4
40135,"Breast lump, RR = 1.5",8257,80767,1.5
40136,"Breast lump, RR = 2",8257,80767,2
40018,"Breast lump, RR = 1.5",8260,80767,1.5
40019,"Breast lump, RR = 2",8260,80767,2
40020,"Breast lump, RR = 4",8260,80767,4
40137,"Breast lump, RR = 4",8257,80767,4
40159,"Diverticular disease of colon, RR = 1.5",8257,81611,1.5
40160,"Diverticular disease of colon, RR = 2",8257,81611,2
40161,"Diverticular disease of colon, RR = 4",8257,81611,4
40042,"Diverticular disease of colon, RR = 1.5",8260,81611,1.5
40043,"Diverticular disease of colon, RR = 2",8260,81611,2
40044,"Diverticular disease of colon, RR = 4",8260,81611,4
40204,"Rosacea, RR = 1.5",8257,136773,1.5
40205,"Rosacea, RR = 2",8257,136773,2
40206,"Rosacea, RR = 4",8257,136773,4
40087,"Rosacea, RR = 1.5",8260,136773,1.5
40088,"Rosacea, RR = 2",8260,136773,2
40089,"Rosacea, RR = 4",8260,136773,4
40066,"Hypothyroidism, RR = 1.5",8260,140673,1.5
40183,"Hypothyroidism, RR = 1.5",8257,140673,1.5
40184,"Hypothyroidism, RR = 2",8257,140673,2
40185,"Hypothyroidism, RR = 4",8257,140673,4
40067,"Hypothyroidism, RR = 2",8260,140673,2
40068,"Hypothyroidism, RR = 4",8260,140673,4
40222,"Urinary incontinence, RR = 1.5",8257,197672,1.5
40105,"Urinary incontinence, RR = 1.5",8260,197672,1.5
40106,"Urinary incontinence, RR = 2",8260,197672,2
40223,"Urinary incontinence, RR = 2",8257,197672,2
40224,"Urinary incontinence, RR = 4",8257,197672,4
40107,"Urinary incontinence, RR = 4",8260,197672,4
40147,"Diaphragmatic hernia, RR = 1.5",8257,201061,1.5
40148,"Diaphragmatic hernia, RR = 2",8257,201061,2
40030,"Diaphragmatic hernia, RR = 1.5",8260,201061,1.5
40031,"Diaphragmatic hernia, RR = 2",8260,201061,2
40032,"Diaphragmatic hernia, RR = 4",8260,201061,4
40149,"Diaphragmatic hernia, RR = 4",8257,201061,4
40072,"Kidney stone, RR = 1.5",8260,201620,1.5
40189,"Kidney stone, RR = 1.5",8257,201620,1.5
40190,"Kidney stone, RR = 2",8257,201620,2
40191,"Kidney stone, RR = 4",8257,201620,4
40073,"Kidney stone, RR = 2",8260,201620,2
40074,"Kidney stone, RR = 4",8260,201620,4
40216,"Type 2 diabetes mellitus, RR = 1.5",8257,201826,1.5
40099,"Type 2 diabetes mellitus, RR = 1.5",8260,201826,1.5
40100,"Type 2 diabetes mellitus, RR = 2",8260,201826,2
40217,"Type 2 diabetes mellitus, RR = 2",8257,201826,2
40218,"Type 2 diabetes mellitus, RR = 4",8257,201826,4
40101,"Type 2 diabetes mellitus, RR = 4",8260,201826,4
40144,"Chronic obstructive lung disease, RR = 1.5",8257,255573,1.5
40145,"Chronic obstructive lung disease, RR = 2",8257,255573,2
40027,"Chronic obstructive lung disease, RR = 1.5",8260,255573,1.5
40028,"Chronic obstructive lung disease, RR = 2",8260,255573,2
40029,"Chronic obstructive lung disease, RR = 4",8260,255573,4
40146,"Chronic obstructive lung disease, RR = 4",8257,255573,4
40126,"Allergic rhinitis, RR = 1.5",8257,257007,1.5
40127,"Allergic rhinitis, RR = 2",8257,257007,2
40128,"Allergic rhinitis, RR = 4",8257,257007,4
40009,"Allergic rhinitis, RR = 1.5",8260,257007,1.5
40010,"Allergic rhinitis, RR = 2",8260,257007,2
40011,"Allergic rhinitis, RR = 4",8260,257007,4
40039,"Disorder of lung, RR = 1.5",8260,257907,1.5
40040,"Disorder of lung, RR = 2",8260,257907,2
40156,"Disorder of lung, RR = 1.5",8257,257907,1.5
40157,"Disorder of lung, RR = 2",8257,257907,2
40158,"Disorder of lung, RR = 4",8257,257907,4
40041,"Disorder of lung, RR = 4",8260,257907,4
40207,"Sleep apnea, RR = 1.5",8257,313459,1.5
40208,"Sleep apnea, RR = 2",8257,313459,2
40209,"Sleep apnea, RR = 4",8257,313459,4
40090,"Sleep apnea, RR = 1.5",8260,313459,1.5
40091,"Sleep apnea, RR = 2",8260,313459,2
40092,"Sleep apnea, RR = 4",8260,313459,4
40051,"Gastroesophageal reflux disease, RR = 1.5",8260,318800,1.5
40168,"Gastroesophageal reflux disease, RR = 1.5",8257,318800,1.5
40169,"Gastroesophageal reflux disease, RR = 2",8257,318800,2
40170,"Gastroesophageal reflux disease, RR = 4",8257,318800,4
40052,"Gastroesophageal reflux disease, RR = 2",8260,318800,2
40053,"Gastroesophageal reflux disease, RR = 4",8260,318800,4
40162,"Essential hypertension, RR = 1.5",8257,320128,1.5
40045,"Essential hypertension, RR = 1.5",8260,320128,1.5
40046,"Essential hypertension, RR = 2",8260,320128,2
40047,"Essential hypertension, RR = 4",8260,320128,4
40163,"Essential hypertension, RR = 2",8257,320128,2
40164,"Essential hypertension, RR = 4",8257,320128,4
40081,"Otitis media, RR = 1.5",8260,372328,1.5
40198,"Otitis media, RR = 1.5",8257,372328,1.5
40199,"Otitis media, RR = 2",8257,372328,2
40200,"Otitis media, RR = 4",8257,372328,4
40082,"Otitis media, RR = 2",8260,372328,2
40083,"Otitis media, RR = 4",8260,372328,4
40150,"Disorder of brain, RR = 1.5",8257,372887,1.5
40033,"Disorder of brain, RR = 1.5",8260,372887,1.5
40034,"Disorder of brain, RR = 2",8260,372887,2
40151,"Disorder of brain, RR = 2",8257,372887,2
40152,"Disorder of brain, RR = 4",8257,372887,4
40035,"Disorder of brain, RR = 4",8260,372887,4
40201,"Presbyopia, RR = 1.5",8257,373478,1.5
40202,"Presbyopia, RR = 2",8257,373478,2
40084,"Presbyopia, RR = 1.5",8260,373478,1.5
40085,"Presbyopia, RR = 2",8260,373478,2
40086,"Presbyopia, RR = 4",8260,373478,4
40203,"Presbyopia, RR = 4",8257,373478,4
40186,"Impacted cerumen, RR = 1.5",8257,374375,1.5
40187,"Impacted cerumen, RR = 2",8257,374375,2
40188,"Impacted cerumen, RR = 4",8257,374375,4
40069,"Impacted cerumen, RR = 1.5",8260,374375,1.5
40070,"Impacted cerumen, RR = 2",8260,374375,2
40071,"Impacted cerumen, RR = 4",8260,374375,4
40024,"Cataract, RR = 1.5",8260,375545,1.5
40025,"Cataract, RR = 2",8260,375545,2
40141,"Cataract, RR = 1.5",8257,375545,1.5
40142,"Cataract, RR = 2",8257,375545,2
40143,"Cataract, RR = 4",8257,375545,4
40026,"Cataract, RR = 4",8260,375545,4
40180,"Hypermetropia, RR = 1.5",8257,376415,1.5
40181,"Hypermetropia, RR = 2",8257,376415,2
40063,"Hypermetropia, RR = 1.5",8260,376415,1.5
40064,"Hypermetropia, RR = 2",8260,376415,2
40065,"Hypermetropia, RR = 4",8260,376415,4
40182,"Hypermetropia, RR = 4",8257,376415,4
40213,"Tinnitus, RR = 1.5",8257,377575,1.5
40214,"Tinnitus, RR = 2",8257,377575,2
40215,"Tinnitus, RR = 4",8257,377575,4
40096,"Tinnitus, RR = 1.5",8260,377575,1.5
40097,"Tinnitus, RR = 2",8260,377575,2
40098,"Tinnitus, RR = 4",8260,377575,4
40012,"Astigmatism, RR = 1.5",8260,378424,1.5
40129,"Astigmatism, RR = 1.5",8257,378424,1.5
40130,"Astigmatism, RR = 2",8257,378424,2
40131,"Astigmatism, RR = 4",8257,378424,4
40013,"Astigmatism, RR = 2",8260,378424,2
40014,"Astigmatism, RR = 4",8260,378424,4
40210,"Tear film insufficiency, RR = 1.5",8257,378427,1.5
40093,"Tear film insufficiency, RR = 1.5",8260,378427,1.5
40094,"Tear film insufficiency, RR = 2",8260,378427,2
40095,"Tear film insufficiency, RR = 4",8260,378427,4
40211,"Tear film insufficiency, RR = 2",8257,378427,2
40212,"Tear film insufficiency, RR = 4",8257,378427,4
40138,"Carpal tunnel syndrome, RR = 1.5",8257,380094,1.5
40139,"Carpal tunnel syndrome, RR = 2",8257,380094,2
40140,"Carpal tunnel syndrome, RR = 4",8257,380094,4
40021,"Carpal tunnel syndrome, RR = 1.5",8260,380094,1.5
40022,"Carpal tunnel syndrome, RR = 2",8260,380094,2
40023,"Carpal tunnel syndrome, RR = 4",8260,380094,4
40000,"Acquired hallux malleus, RR = 1.5",8260,432417,1.5
40001,"Acquired hallux malleus, RR = 2",8260,432417,2
40117,"Acquired hallux malleus, RR = 1.5",8257,432417,1.5
40118,"Acquired hallux malleus, RR = 2",8257,432417,2
40119,"Acquired hallux malleus, RR = 4",8257,432417,4
40002,"Acquired hallux malleus, RR = 4",8260,432417,4
40177,"Hyperlipidemia, RR = 1.5",8257,432867,1.5
40178,"Hyperlipidemia, RR = 2",8257,432867,2
40060,"Hyperlipidemia, RR = 1.5",8260,432867,1.5
40061,"Hyperlipidemia, RR = 2",8260,432867,2
40062,"Hyperlipidemia, RR = 4",8260,432867,4
40179,"Hyperlipidemia, RR = 4",8257,432867,4
40228,"Vitamin D deficiency, RR = 1.5",8257,436070,1.5
40229,"Vitamin D deficiency, RR = 2",8257,436070,2
40230,"Vitamin D deficiency, RR = 4",8257,436070,4
40111,"Vitamin D deficiency, RR = 1.5",8260,436070,1.5
40112,"Vitamin D deficiency, RR = 2",8260,436070,2
40113,"Vitamin D deficiency, RR = 4",8260,436070,4
40108,"Vitamin B deficiency, RR = 1.5",8260,437246,1.5
40225,"Vitamin B deficiency, RR = 1.5",8257,437246,1.5
40226,"Vitamin B deficiency, RR = 2",8257,437246,2
40227,"Vitamin B deficiency, RR = 4",8257,437246,4
40109,"Vitamin B deficiency, RR = 2",8260,437246,2
40110,"Vitamin B deficiency, RR = 4",8260,437246,4
40171,"Glaucoma, RR = 1.5",8257,437541,1.5
40054,"Glaucoma, RR = 1.5",8260,437541,1.5
40055,"Glaucoma, RR = 2",8260,437541,2
40056,"Glaucoma, RR = 4",8260,437541,4
40172,"Glaucoma, RR = 2",8257,437541,2
40173,"Glaucoma, RR = 4",8257,437541,4
40192,"Menopausal syndrome, RR = 1.5",8257,439082,1.5
40193,"Menopausal syndrome, RR = 2",8257,439082,2
40194,"Menopausal syndrome, RR = 4",8257,439082,4
40075,"Menopausal syndrome, RR = 1.5",8260,439082,1.5
40076,"Menopausal syndrome, RR = 2",8260,439082,2
40077,"Menopausal syndrome, RR = 4",8260,439082,4
40114,"Wrist joint pain, RR = 1.5",8260,4115367,1.5
40231,"Wrist joint pain, RR = 1.5",8257,4115367,1.5
40232,"Wrist joint pain, RR = 2",8257,4115367,2
40233,"Wrist joint pain, RR = 4",8257,4115367,4
40115,"Wrist joint pain, RR = 2",8260,4115367,2
40116,"Wrist joint pain, RR = 4",8260,4115367,4
40174,"Hand pain, RR = 1.5",8257,4204199,1.5
40057,"Hand pain, RR = 1.5",8260,4204199,1.5
40058,"Hand pain, RR = 2",8260,4204199,2
40175,"Hand pain, RR = 2",8257,4204199,2
40176,"Hand pain, RR = 4",8257,4204199,4
40059,"Hand pain, RR = 4",8260,4204199,4
40195,"Nicotine dependence, RR = 1.5",8257,4209423,1.5
40196,"Nicotine dependence, RR = 2",8257,4209423,2
40078,"Nicotine dependence, RR = 1.5",8260,4209423,1.5
40079,"Nicotine dependence, RR = 2",8260,4209423,2
40080,"Nicotine dependence, RR = 4",8260,4209423,4
40197,"Nicotine dependence, RR = 4",8257,4209423,4
40102,"Uncomplicated asthma, RR = 1.5",8260,45768910,1.5
40219,"Uncomplicated asthma, RR = 1.5",8257,45768910,1.5
40220,"Uncomplicated asthma, RR = 2",8257,45768910,2
40221,"Uncomplicated asthma, RR = 4",8257,45768910,4
40103,"Uncomplicated asthma, RR = 2",8260,45768910,2
40104,"Uncomplicated asthma, RR = 4",8260,45768910,4
50165,"Gastro-esophageal reflux disease with esophagitis, RR = 1.5",8257,30437,1.5
50166,"Gastro-esophageal reflux disease with esophagitis, RR = 2",8257,30437,2
50048,"Gastro-esophageal reflux disease with esophagitis, RR = 1.5",8260,30437,1.5
50049,"Gastro-esophageal reflux disease with esophagitis, RR = 2",8260,30437,2
50050,"Gastro-esophageal reflux disease with esophagitis, RR = 4",8260,30437,4
50167,"Gastro-esophageal reflux disease with esophagitis, RR = 4",8257,30437,4
50120,"Acquired hallux valgus, RR = 1.5",8257,75911,1.5
50003,"Acquired hallux valgus, RR = 1.5",8260,75911,1.5
50004,"Acquired hallux valgus, RR = 2",8260,75911,2
50121,"Acquired hallux valgus, RR = 2",8257,75911,2
50122,"Acquired hallux valgus, RR = 4",8257,75911,4
50005,"Acquired hallux valgus, RR = 4",8260,75911,4
50153,"Disorder of breast, RR = 1.5",8257,77030,1.5
50154,"Disorder of breast, RR = 2",8257,77030,2
50036,"Disorder of breast, RR = 1.5",8260,77030,1.5
50037,"Disorder of breast, RR = 2",8260,77030,2
50038,"Disorder of breast, RR = 4",8260,77030,4
50155,"Disorder of breast, RR = 4",8257,77030,4
50015,"Benign neoplasm of colon, RR = 1.5",8260,77234,1.5
50132,"Benign neoplasm of colon, RR = 1.5",8257,77234,1.5
50133,"Benign neoplasm of colon, RR = 2",8257,77234,2
50134,"Benign neoplasm of colon, RR = 4",8257,77234,4
50016,"Benign neoplasm of colon, RR = 2",8260,77234,2
50017,"Benign neoplasm of colon, RR = 4",8260,77234,4
50123,"Acquired trigger finger, RR = 1.5",8257,77965,1.5
50006,"Acquired trigger finger, RR = 1.5",8260,77965,1.5
50007,"Acquired trigger finger, RR = 2",8260,77965,2
50124,"Acquired trigger finger, RR = 2",8257,77965,2
50125,"Acquired trigger finger, RR = 4",8257,77965,4
50008,"Acquired trigger finger, RR = 4",8260,77965,4
50135,"Breast lump, RR = 1.5",8257,80767,1.5
50136,"Breast lump, RR = 2",8257,80767,2
50018,"Breast lump, RR = 1.5",8260,80767,1.5
50019,"Breast lump, RR = 2",8260,80767,2
50020,"Breast lump, RR = 4",8260,80767,4
50137,"Breast lump, RR = 4",8257,80767,4
50159,"Diverticular disease of colon, RR = 1.5",8257,81611,1.5
50160,"Diverticular disease of colon, RR = 2",8257,81611,2
50161,"Diverticular disease of colon, RR = 4",8257,81611,4
50042,"Diverticular disease of colon, RR = 1.5",8260,81611,1.5
50043,"Diverticular disease of colon, RR = 2",8260,81611,2
50044,"Diverticular disease of colon, RR = 4",8260,81611,4
50204,"Rosacea, RR = 1.5",8257,136773,1.5
50205,"Rosacea, RR = 2",8257,136773,2
50206,"Rosacea, RR = 4",8257,136773,4
50087,"Rosacea, RR = 1.5",8260,136773,1.5
50088,"Rosacea, RR = 2",8260,136773,2
50089,"Rosacea, RR = 4",8260,136773,4
50066,"Hypothyroidism, RR = 1.5",8260,140673,1.5
50183,"Hypothyroidism, RR = 1.5",8257,140673,1.5
50184,"Hypothyroidism, RR = 2",8257,140673,2
50185,"Hypothyroidism, RR = 4",8257,140673,4
50067,"Hypothyroidism, RR = 2",8260,140673,2
50068,"Hypothyroidism, RR = 4",8260,140673,4
50222,"Urinary incontinence, RR = 1.5",8257,197672,1.5
50105,"Urinary incontinence, RR = 1.5",8260,197672,1.5
50106,"Urinary incontinence, RR = 2",8260,197672,2
50223,"Urinary incontinence, RR = 2",8257,197672,2
50224,"Urinary incontinence, RR = 4",8257,197672,4
50107,"Urinary incontinence, RR = 4",8260,197672,4
50147,"Diaphragmatic hernia, RR = 1.5",8257,201061,1.5
50148,"Diaphragmatic hernia, RR = 2",8257,201061,2
50030,"Diaphragmatic hernia, RR = 1.5",8260,201061,1.5
50031,"Diaphragmatic hernia, RR = 2",8260,201061,2
50032,"Diaphragmatic hernia, RR = 4",8260,201061,4
50149,"Diaphragmatic hernia, RR = 4",8257,201061,4
50072,"Kidney stone, RR = 1.5",8260,201620,1.5
50189,"Kidney stone, RR = 1.5",8257,201620,1.5
50190,"Kidney stone, RR = 2",8257,201620,2
50191,"Kidney stone, RR = 4",8257,201620,4
50073,"Kidney stone, RR = 2",8260,201620,2
50074,"Kidney stone, RR = 4",8260,201620,4
50216,"Type 2 diabetes mellitus, RR = 1.5",8257,201826,1.5
50099,"Type 2 diabetes mellitus, RR = 1.5",8260,201826,1.5
50100,"Type 2 diabetes mellitus, RR = 2",8260,201826,2
50217,"Type 2 diabetes mellitus, RR = 2",8257,201826,2
50218,"Type 2 diabetes mellitus, RR = 4",8257,201826,4
50101,"Type 2 diabetes mellitus, RR = 4",8260,201826,4
50144,"Chronic obstructive lung disease, RR = 1.5",8257,255573,1.5
50145,"Chronic obstructive lung disease, RR = 2",8257,255573,2
50027,"Chronic obstructive lung disease, RR = 1.5",8260,255573,1.5
50028,"Chronic obstructive lung disease, RR = 2",8260,255573,2
50029,"Chronic obstructive lung disease, RR = 4",8260,255573,4
50146,"Chronic obstructive lung disease, RR = 4",8257,255573,4
50126,"Allergic rhinitis, RR = 1.5",8257,257007,1.5
50127,"Allergic rhinitis, RR = 2",8257,257007,2
50128,"Allergic rhinitis, RR = 4",8257,257007,4
50009,"Allergic rhinitis, RR = 1.5",8260,257007,1.5
50010,"Allergic rhinitis, RR = 2",8260,257007,2
50011,"Allergic rhinitis, RR = 4",8260,257007,4
50039,"Disorder of lung, RR = 1.5",8260,257907,1.5
50040,"Disorder of lung, RR = 2",8260,257907,2
50156,"Disorder of lung, RR = 1.5",8257,257907,1.5
50157,"Disorder of lung, RR = 2",8257,257907,2
50158,"Disorder of lung, RR = 4",8257,257907,4
50041,"Disorder of lung, RR = 4",8260,257907,4
50207,"Sleep apnea, RR = 1.5",8257,313459,1.5
50208,"Sleep apnea, RR = 2",8257,313459,2
50209,"Sleep apnea, RR = 4",8257,313459,4
50090,"Sleep apnea, RR = 1.5",8260,313459,1.5
50091,"Sleep apnea, RR = 2",8260,313459,2
50092,"Sleep apnea, RR = 4",8260,313459,4
50051,"Gastroesophageal reflux disease, RR = 1.5",8260,318800,1.5
50168,"Gastroesophageal reflux disease, RR = 1.5",8257,318800,1.5
50169,"Gastroesophageal reflux disease, RR = 2",8257,318800,2
50170,"Gastroesophageal reflux disease, RR = 4",8257,318800,4
50052,"Gastroesophageal reflux disease, RR = 2",8260,318800,2
50053,"Gastroesophageal reflux disease, RR = 4",8260,318800,4
50162,"Essential hypertension, RR = 1.5",8257,320128,1.5
50045,"Essential hypertension, RR = 1.5",8260,320128,1.5
50046,"Essential hypertension, RR = 2",8260,320128,2
50047,"Essential hypertension, RR = 4",8260,320128,4
50163,"Essential hypertension, RR = 2",8257,320128,2
50164,"Essential hypertension, RR = 4",8257,320128,4
50081,"Otitis media, RR = 1.5",8260,372328,1.5
50198,"Otitis media, RR = 1.5",8257,372328,1.5
50199,"Otitis media, RR = 2",8257,372328,2
50200,"Otitis media, RR = 4",8257,372328,4
50082,"Otitis media, RR = 2",8260,372328,2
50083,"Otitis media, RR = 4",8260,372328,4
50150,"Disorder of brain, RR = 1.5",8257,372887,1.5
50033,"Disorder of brain, RR = 1.5",8260,372887,1.5
50034,"Disorder of brain, RR = 2",8260,372887,2
50151,"Disorder of brain, RR = 2",8257,372887,2
50152,"Disorder of brain, RR = 4",8257,372887,4
50035,"Disorder of brain, RR = 4",8260,372887,4
50201,"Presbyopia, RR = 1.5",8257,373478,1.5
50202,"Presbyopia, RR = 2",8257,373478,2
50084,"Presbyopia, RR = 1.5",8260,373478,1.5
50085,"Presbyopia, RR = 2",8260,373478,2
50086,"Presbyopia, RR = 4",8260,373478,4
50203,"Presbyopia, RR = 4",8257,373478,4
50186,"Impacted cerumen, RR = 1.5",8257,374375,1.5
50187,"Impacted cerumen, RR = 2",8257,374375,2
50188,"Impacted cerumen, RR = 4",8257,374375,4
50069,"Impacted cerumen, RR = 1.5",8260,374375,1.5
50070,"Impacted cerumen, RR = 2",8260,374375,2
50071,"Impacted cerumen, RR = 4",8260,374375,4
50024,"Cataract, RR = 1.5",8260,375545,1.5
50025,"Cataract, RR = 2",8260,375545,2
50141,"Cataract, RR = 1.5",8257,375545,1.5
50142,"Cataract, RR = 2",8257,375545,2
50143,"Cataract, RR = 4",8257,375545,4
50026,"Cataract, RR = 4",8260,375545,4
50180,"Hypermetropia, RR = 1.5",8257,376415,1.5
50181,"Hypermetropia, RR = 2",8257,376415,2
50063,"Hypermetropia, RR = 1.5",8260,376415,1.5
50064,"Hypermetropia, RR = 2",8260,376415,2
50065,"Hypermetropia, RR = 4",8260,376415,4
50182,"Hypermetropia, RR = 4",8257,376415,4
50213,"Tinnitus, RR = 1.5",8257,377575,1.5
50214,"Tinnitus, RR = 2",8257,377575,2
50215,"Tinnitus, RR = 4",8257,377575,4
50096,"Tinnitus, RR = 1.5",8260,377575,1.5
50097,"Tinnitus, RR = 2",8260,377575,2
50098,"Tinnitus, RR = 4",8260,377575,4
50012,"Astigmatism, RR = 1.5",8260,378424,1.5
50129,"Astigmatism, RR = 1.5",8257,378424,1.5
50130,"Astigmatism, RR = 2",8257,378424,2
50131,"Astigmatism, RR = 4",8257,378424,4
50013,"Astigmatism, RR = 2",8260,378424,2
50014,"Astigmatism, RR = 4",8260,378424,4
50210,"Tear film insufficiency, RR = 1.5",8257,378427,1.5
50093,"Tear film insufficiency, RR = 1.5",8260,378427,1.5
50094,"Tear film insufficiency, RR = 2",8260,378427,2
50095,"Tear film insufficiency, RR = 4",8260,378427,4
50211,"Tear film insufficiency, RR = 2",8257,378427,2
50212,"Tear film insufficiency, RR = 4",8257,378427,4
50138,"Carpal tunnel syndrome, RR = 1.5",8257,380094,1.5
50139,"Carpal tunnel syndrome, RR = 2",8257,380094,2
50140,"Carpal tunnel syndrome, RR = 4",8257,380094,4
50021,"Carpal tunnel syndrome, RR = 1.5",8260,380094,1.5
50022,"Carpal tunnel syndrome, RR = 2",8260,380094,2
50023,"Carpal tunnel syndrome, RR = 4",8260,380094,4
50000,"Acquired hallux malleus, RR = 1.5",8260,432417,1.5
50001,"Acquired hallux malleus, RR = 2",8260,432417,2
50117,"Acquired hallux malleus, RR = 1.5",8257,432417,1.5
50118,"Acquired hallux malleus, RR = 2",8257,432417,2
50119,"Acquired hallux malleus, RR = 4",8257,432417,4
50002,"Acquired hallux malleus, RR = 4",8260,432417,4
50177,"Hyperlipidemia, RR = 1.5",8257,432867,1.5
50178,"Hyperlipidemia, RR = 2",8257,432867,2
50060,"Hyperlipidemia, RR = 1.5",8260,432867,1.5
50061,"Hyperlipidemia, RR = 2",8260,432867,2
50062,"Hyperlipidemia, RR = 4",8260,432867,4
50179,"Hyperlipidemia, RR = 4",8257,432867,4
50228,"Vitamin D deficiency, RR = 1.5",8257,436070,1.5
50229,"Vitamin D deficiency, RR = 2",8257,436070,2
50230,"Vitamin D deficiency, RR = 4",8257,436070,4
50111,"Vitamin D deficiency, RR = 1.5",8260,436070,1.5
50112,"Vitamin D deficiency, RR = 2",8260,436070,2
50113,"Vitamin D deficiency, RR = 4",8260,436070,4
50108,"Vitamin B deficiency, RR = 1.5",8260,437246,1.5
50225,"Vitamin B deficiency, RR = 1.5",8257,437246,1.5
50226,"Vitamin B deficiency, RR = 2",8257,437246,2
50227,"Vitamin B deficiency, RR = 4",8257,437246,4
50109,"Vitamin B deficiency, RR = 2",8260,437246,2
50110,"Vitamin B deficiency, RR = 4",8260,437246,4
50171,"Glaucoma, RR = 1.5",8257,437541,1.5
50054,"Glaucoma, RR = 1.5",8260,437541,1.5
50055,"Glaucoma, RR = 2",8260,437541,2
50056,"Glaucoma, RR = 4",8260,437541,4
50172,"Glaucoma, RR = 2",8257,437541,2
50173,"Glaucoma, RR = 4",8257,437541,4
50192,"Menopausal syndrome, RR = 1.5",8257,439082,1.5
50193,"Menopausal syndrome, RR = 2",8257,439082,2
50194,"Menopausal syndrome, RR = 4",8257,439082,4
50075,"Menopausal syndrome, RR = 1.5",8260,439082,1.5
50076,"Menopausal syndrome, RR = 2",8260,439082,2
50077,"Menopausal syndrome, RR = 4",8260,439082,4
50114,"Wrist joint pain, RR = 1.5",8260,4115367,1.5
50231,"Wrist joint pain, RR = 1.5",8257,4115367,1.5
50232,"Wrist joint pain, RR = 2",8257,4115367,2
50233,"Wrist joint pain, RR = 4",8257,4115367,4
50115,"Wrist joint pain, RR = 2",8260,4115367,2
50116,"Wrist joint pain, RR = 4",8260,4115367,4
50174,"Hand pain, RR = 1.5",8257,4204199,1.5
50057,"Hand pain, RR = 1.5",8260,4204199,1.5
50058,"Hand pain, RR = 2",8260,4204199,2
50175,"Hand pain, RR = 2",8257,4204199,2
50176,"Hand pain, RR = 4",8257,4204199,4
50059,"Hand pain, RR = 4",8260,4204199,4
50195,"Nicotine dependence, RR = 1.5",8257,4209423,1.5
50196,"Nicotine dependence, RR = 2",8257,4209423,2
50078,"Nicotine dependence, RR = 1.5",8260,4209423,1.5
50079,"Nicotine dependence, RR = 2",8260,4209423,2
50080,"Nicotine dependence, RR = 4",8260,4209423,4
50197,"Nicotine dependence, RR = 4",8257,4209423,4
50102,"Uncomplicated asthma, RR = 1.5",8260,45768910,1.5
50219,"Uncomplicated asthma, RR = 1.5",8257,45768910,1.5
50220,"Uncomplicated asthma, RR = 2",8257,45768910,2
50221,"Uncomplicated asthma, RR = 4",8257,45768910,4
50103,"Uncomplicated asthma, RR = 2",8260,45768910,2
50104,"Uncomplicated asthma, RR = 4",8260,45768910,4
